LGA_CODE,Age_below_15_yr,Age_15_64_yr,Age_over_65_yr,Age_below_15_yr_perc,Age_15_64_yr_perc,Age_over_65_yr_perc,BP_Aus,BP_Non_Aus,BP_Aus_Perc,BP_Non_Aus_Perc,SE_Yr10_above,SE_Yr9_below,SE_Yr10_above_Perc,SE_Yr9_below_Perc,MS_Married,MS_Separated,MS_Divorced,MS_Widowed,MS_Never_Married,MS_Single,MS_Married_Perc,MS_Separated_Perc,MS_Divorced_Perc,MS_Widowed_Perc,MS_Never_Married_Perc,MS_Single_Perc,Median_age_persons,Median_tot_prsnl_inc_weekly,Median_tot_fam_inc_weekly,Median_tot_hhd_inc_weekly,Average_household_size,P_Afghanistan_Tot,P_Australia_Tot,P_Bangladesh_Tot,P_Bosnia_Herzegov_Tot,P_Cambodia_Tot,P_Canada_Tot,P_Chile_Tot,P_China_Tot,P_Croatia_Tot,P_Egypt_Tot,P_England_Tot,P_Fiji_Tot,P_France_Tot,P_Germany_Tot,P_Greece_Tot,P_Hong_Kong_Tot,P_India_Tot,P_Indonesia_Tot,P_Iran_Tot,P_Iraq_Tot,P_Ireland_Tot,P_Italy_Tot,P_Japan_Tot,P_Korea_South_Tot,P_Lebanon_Tot,P_Malaysia_Tot,P_Malta_Tot,P_Mauritius_Tot,P_Myanmar_Tot,P_Nepal_Tot,P_Netherlands_Tot,P_New_Zealand_Tot,P_Nthern_Ireland_Tot,P_Pakistan_Tot,P_PNG_Tot,P_Philippines_Tot,P_Poland_Tot,P_Scotland_Tot,P_Singapore_Tot,P_South_Africa_Tot,P_SE_Europe_nfd_Tot,P_Sri_Lanka_Tot,P_Taiwan_Tot,P_Thailand_Tot,P_FYROM_Tot,P_Turkey_Tot,P_USA_Tot,P_Vietnam_Tot,P_Wales_Tot,P_Zimbabwe_Tot,P_Elsewhere_Tot,P_COB_NS_Tot,P_Y12e_Tot,P_Y11e_Tot,P_Y10e_Tot,P_Y9e_Tot,P_Y8b_Tot,P_DNGTS_Tot,P_Hghst_yr_schl_ns_Tot
LGA10050,9614,32328,9149,18.817404239494238,63.27533225029849,17.907263510207276,41590,5540,88.24527901548907,11.754720984510927,31923,5650,84.96260612673994,15.037393873260054,18935,1478,4018,2632,14408,22536,45.65841190229317,3.5639362446046636,9.688698126401581,6.3466036507438925,34.74235007595669,54.341588097706826,39,642,1532,1185,2.3,9,41590,81,9,9,48,15,116,48,22,1012,41,19,248,54,38,559,16,28,4,66,73,18,34,13,43,13,6,7,200,197,540,12,32,20,283,37,163,21,132,29,102,4,63,3,0,102,35,45,32,860,3949,16963,3968,9899,2784,1891,287,3840
LGA10130,5336,19126,4991,18.1169999660476,64.93735782433029,16.94564220962211,23396,3631,86.56528656528657,13.434713434713435,18867,2897,86.68902775225142,13.310972247748577,10341,760,1872,1435,9714,13781,42.869579636846034,3.1506508581377997,7.760550534781527,5.948926291352293,40.27029267888235,57.130420363153966,36,561,1465,1173,2.4,0,23396,55,0,0,54,9,277,5,3,566,33,29,103,10,26,163,35,47,89,34,23,29,12,6,39,3,0,12,151,64,313,11,32,48,154,10,97,24,89,0,63,43,32,0,4,148,50,32,24,594,2425,12180,1094,4806,1352,1078,72,2306
LGA10250,6928,24398,10461,16.579318926939,58.386579558235816,25.034101514825185,33984,4609,88.05741973933097,11.942580260669033,26888,4615,85.35060153001301,14.649398469986984,17046,1179,3849,2754,10027,17809,48.905465499928276,3.3825849949791995,11.04289198106441,7.901305408119351,28.767752115908763,51.09453450007173,48,601,1426,1156,2.3,0,33984,3,0,4,91,30,62,12,5,1421,44,44,141,12,22,107,33,13,0,71,92,58,25,4,52,27,7,4,8,152,657,16,6,68,110,20,172,25,232,11,27,4,68,0,5,146,30,53,33,404,3195,14389,2033,9527,2451,1544,88,3287
LGA10300,479,1443,368,20.91703056768559,63.01310043668123,16.06986899563319,1869,144,92.84649776453055,7.153502235469449,1161,384,75.14563106796116,24.854368932038835,897,50,132,114,608,904,49.80566352026652,2.7762354247640197,7.329261521377013,6.329816768461965,33.75902276513048,50.19433647973348,41,624,1438,1174,2.5,0,1869,0,0,0,0,0,4,0,0,18,14,0,3,0,0,7,0,0,0,3,22,0,3,0,12,0,3,0,3,0,13,0,0,0,3,0,4,0,0,0,0,4,7,0,0,3,0,0,0,20,281,503,192,414,167,180,15,248
LGA10470,8117,26406,6773,19.6556567222007,63.943239054629984,16.401104223169312,34538,3565,90.6437813295541,9.356218670445896,25279,4039,86.22348045569275,13.77651954430725,14936,1147,2885,1854,12365,18251,45.00557447193178,3.45617259770392,8.693162985506373,5.586524844065447,37.25856510079248,54.99442552806823,37,646,1632,1310,2.5,9,34538,37,9,10,58,12,121,21,19,802,49,27,99,20,23,172,17,25,14,61,46,26,24,38,46,26,8,4,52,104,436,19,30,29,155,19,162,22,103,14,47,3,49,8,0,72,65,21,21,297,3195,13902,1795,8606,2055,1304,98,3806
LGA10550,5257,19385,8605,15.811952958161637,58.306012572562935,25.88203446927542,26446,3860,87.26324820167623,12.736751798323764,21126,3833,84.64281421531311,15.357185784686886,13807,1058,3296,2021,7808,14183,49.32833154698106,3.7799214005001787,11.775634155055377,7.220435869953555,27.895677027509823,50.67166845301894,51,538,1242,986,2.2,0,26446,3,0,4,54,12,37,16,14,1437,16,25,238,18,8,46,23,8,0,61,54,23,17,3,31,30,6,0,8,204,375,28,3,18,120,25,159,16,85,16,11,3,59,4,5,131,20,38,11,359,2946,10445,2404,7647,2020,1454,56,2931
LGA10600,2199,7456,3010,17.36281089617055,58.87090406632451,23.766285037504936,10173,1495,87.18717860815907,12.81282139184093,7968,1514,84.03290445053786,15.967095549462137,4698,396,1402,736,3228,5762,44.91395793499044,3.78585086042065,13.40344168260038,7.036328871892926,30.860420650095605,55.08604206500956,49,515,1218,997,2.3,0,10173,0,0,0,28,10,8,0,3,568,8,26,91,0,11,23,5,0,0,24,11,5,3,0,14,0,0,0,0,67,169,5,0,14,20,5,65,7,44,0,0,3,7,0,3,50,3,26,7,152,1005,4171,643,2868,859,483,25,957
LGA10650,1443,4582,2422,17.08298804309222,54.24411033503019,28.67290162187759,6866,651,91.33963017161102,8.660369828388985,4796,1300,78.6745406824147,21.325459317585302,3679,258,690,624,1772,3344,52.38502064644739,3.6736437419906025,9.824861170439982,8.88509184109355,25.23138260002848,47.61497935355261,49,524,1251,967,2.2,0,6866,0,0,0,11,0,10,0,6,168,0,0,39,0,0,22,0,0,6,7,9,0,3,0,21,3,0,0,3,42,93,7,0,0,44,3,38,0,17,3,15,0,3,0,0,10,0,5,4,55,948,2047,878,1748,677,523,25,901
LGA10750,76667,225535,34763,22.752214621696616,66.93128366447554,10.316501713827845,182150,136294,57.200010048862595,42.799989951137405,211127,30780,87.2761019730723,12.723898026927705,136045,8575,17266,11356,87055,124252,52.26529694925412,3.294313803078791,6.633192084426636,4.362708751925685,33.444488411314765,47.73470305074588,33,672,1817,1711,3.2,2342,182150,2427,506,141,294,668,4658,1025,1955,5287,7080,167,952,692,944,25761,1483,1550,1684,613,1291,145,1478,1845,1341,2269,679,820,1388,492,8040,211,4111,143,21917,932,894,541,1787,525,4895,287,621,192,1335,816,990,124,324,15616,18522,142391,11285,48237,12201,12005,2998,18047
LGA10800,1227,3443,1279,20.625315179021683,57.87527315515213,21.49941166582619,4890,287,94.45624879273711,5.543751207262894,3231,795,80.25335320417287,19.746646795827125,2544,151,326,401,1300,2178,53.87547649301143,3.1977975434138077,6.903854299025837,8.492164337145278,27.530707327403643,46.12452350698856,43,580,1360,1100,2.4,0,4890,0,0,0,10,0,10,0,0,73,0,0,6,0,3,13,3,0,0,4,3,0,0,0,0,3,0,0,0,8,32,0,0,25,20,0,0,0,20,0,7,3,3,0,0,5,4,3,3,29,769,1300,269,1559,422,301,7,683
LGA10850,1509,4392,1350,20.81092263136119,60.5709557302441,18.618121638394705,6206,451,93.2251765059336,6.774823494066397,4322,846,83.63003095975232,16.36996904024768,2904,212,557,354,1728,2851,50.460469157254565,3.6837532580364902,9.678540399652476,6.151172893136403,30.02606429192007,49.539530842745435,42,620,1581,1227,2.5,0,6206,0,0,0,3,0,11,0,0,151,0,4,23,0,0,3,7,0,0,7,0,0,0,3,0,4,0,0,0,19,75,4,0,0,13,8,24,0,10,3,4,0,4,0,0,5,4,9,0,35,606,2023,333,1802,422,320,8,558
LGA10900,14069,47812,15017,18.295664386590026,62.17586933340269,19.52846628000728,60029,12954,82.2506611128619,17.7493388871381,53551,5321,90.96174752004347,9.038252479956515,30869,1969,6607,3414,19978,31968,49.125515221923386,3.1335041456466732,10.514505784808312,5.433104699460508,31.793370148161117,50.874484778076614,44,688,1866,1468,2.5,7,60029,6,17,37,197,101,214,74,52,4385,81,102,557,69,97,261,129,32,21,283,174,106,93,51,158,87,47,18,16,359,1121,123,26,74,258,179,539,67,288,56,59,28,126,6,16,445,129,133,33,1411,3921,34246,3178,14412,2807,1307,138,3895
LGA10950,551,1609,536,20.437685459940653,59.681008902077146,19.881305637982198,2233,128,94.57856840321898,5.421431596781025,1473,364,80.18508437670114,19.814915623298855,993,85,138,182,742,1147,46.401869158878505,3.9719626168224296,6.4485981308411215,8.504672897196262,34.67289719626168,53.598130841121495,40,634,1561,1155,2.4,0,2233,0,0,0,0,0,3,0,0,20,7,0,4,0,3,14,0,0,0,3,0,0,0,0,0,0,0,0,0,0,18,3,7,5,7,0,0,0,3,0,0,0,0,0,0,3,3,0,4,9,334,623,140,657,195,135,3,303
LGA11100,7919,32646,6086,16.974984459068402,69.97920730530964,13.045808235621958,22686,20687,52.30442902266387,47.69557097733613,31446,3974,88.78035008469791,11.219649915302089,17403,1062,2967,1791,15508,21328,44.93299940616044,2.7419896207172547,7.660530324546229,4.624202834938421,40.04027781363765,55.06700059383955,35,720,1921,1626,2.7,25,22686,1182,63,59,66,319,2689,168,370,1037,259,95,124,761,382,766,1841,137,409,463,352,147,200,174,454,191,54,31,72,54,878,58,150,28,1080,143,179,133,249,79,114,140,440,62,365,114,271,39,27,3191,3282,23986,1378,5161,1211,1841,555,3261
LGA11150,617,1653,359,23.468999619627233,62.87561810574363,13.655382274629135,1969,101,95.1207729468599,4.879227053140096,1191,354,77.08737864077669,22.9126213592233,767,72,127,124,930,1253,37.97029702970297,3.564356435643564,6.287128712871287,6.138613861386139,46.03960396039604,62.02970297029703,36,719,1562,1243,2.5,0,1969,0,0,0,0,0,0,0,0,18,0,0,3,0,0,4,0,0,0,3,0,0,0,0,0,0,0,0,13,3,12,0,4,5,3,0,0,0,3,0,0,0,0,0,0,4,0,0,0,16,560,569,138,459,188,127,16,467
LGA11200,379,1090,176,23.03951367781155,66.26139817629179,10.699088145896656,1448,35,97.63991908293998,2.3600809170600137,773,313,71.17863720073665,28.82136279926335,323,35,68,72,778,953,25.313479623824453,2.74294670846395,5.329153605015674,5.6426332288401255,60.9717868338558,74.68652037617555,34,439,923,864,2.6,0,1448,0,0,0,0,0,0,0,0,8,0,0,0,0,0,9,0,0,0,0,0,0,0,0,0,0,0,0,0,0,3,0,0,0,0,0,0,0,0,0,0,0,0,0,0,0,0,0,0,9,166,306,87,346,162,142,7,176
LGA11250,2946,10905,3861,16.632791327913278,61.56842818428184,21.798780487804876,15364,800,95.05073001732245,4.9492699826775555,9692,3150,75.47111041893785,24.528889581062142,6089,619,1612,1241,5202,8674,41.24500440289914,4.192914719230509,10.919189866558288,8.406150511413669,35.236740499898396,58.75499559710086,45,527,1279,965,2.2,0,15364,3,3,0,7,0,9,7,0,154,6,7,33,13,3,50,0,0,0,12,30,7,3,0,3,19,0,7,3,19,72,4,3,0,124,0,27,0,21,7,8,0,7,0,0,21,3,8,0,63,1543,3635,1026,4749,1617,1316,38,1889
LGA11300,4799,26756,5258,13.036155705864777,72.68084644011627,14.28299785401896,13758,21067,39.506101938262745,60.49389806173726,26660,3210,89.25343153665885,10.746568463341145,14564,680,1969,1474,13319,17442,45.50396800599887,2.1246016371930265,6.151971505342748,4.605386490033118,41.61407236143223,54.49603199400113,33,552,1725,1569,2.9,3,13758,93,28,58,32,55,7576,172,96,382,135,47,84,385,757,1566,277,54,27,168,1023,102,1238,589,312,43,31,118,1296,15,358,12,87,55,438,113,45,115,59,34,210,403,252,15,84,88,799,11,7,1113,1983,22333,730,2722,771,1535,655,2100
LGA11350,5292,20933,5328,16.771780813234873,66.34234462650144,16.885874560263684,21560,5637,79.27344927749385,20.72655072250616,20552,1924,91.43975796405054,8.560242035949457,9753,955,3801,1334,10435,16525,37.11469670446761,3.634218738107923,14.464571124134256,5.076489839409392,39.71002359388081,62.88530329553238,44,596,1389,1149,2.4,0,21560,0,0,3,160,38,20,9,17,1620,19,131,341,28,20,67,27,4,0,76,135,142,15,5,27,17,11,0,7,150,752,18,3,47,57,31,109,15,176,3,20,14,65,9,8,332,19,32,24,809,4364,13240,1587,5128,976,593,58,3717
LGA11400,2885,7837,2657,21.563644517527468,58.57687420584497,19.859481276627548,11515,796,93.53423767362521,6.4657623263747865,7912,1612,83.07433851322973,16.925661486770267,5901,333,800,684,2787,4604,56.173250832936695,3.169919086149452,7.615421227986673,6.511185149928606,26.530223702998573,43.826749167063305,43,631,1618,1301,2.6,0,11515,0,3,0,10,0,8,10,0,260,0,5,36,0,7,19,3,0,0,13,14,3,3,3,6,5,0,0,0,16,116,7,3,5,36,3,21,0,51,0,0,0,6,0,0,12,0,8,9,73,1074,3852,584,3146,796,618,31,930
LGA11450,18703,51276,8249,23.908319271871964,65.54686301579997,10.544817712328067,60543,13768,81.47246033561653,18.527539664383468,49262,6501,88.34173197281352,11.658268027186486,32954,1877,4170,2317,18190,26554,55.37742824494186,3.154197754923708,7.007461181689857,3.893594138603213,30.567318679841364,44.622571755058146,33,821,2161,2047,3.1,93,60543,68,98,81,98,249,493,192,158,2454,541,43,257,91,78,675,89,84,296,260,523,21,50,267,119,315,122,13,44,154,1069,133,153,43,543,146,420,63,371,87,132,51,140,76,34,179,161,96,151,1701,3909,27831,3364,16194,3394,1827,264,3669
LGA11500,33862,104630,18525,21.56581771400549,66.63609672837974,11.798085557614781,97314,49325,66.36297301536426,33.63702698463574,97854,15819,86.0837665936502,13.916233406349793,58312,4976,10364,5459,44034,64833,47.352308254496734,4.040764951885988,8.416094847537456,4.432985504892606,35.75784644118722,52.647691745503266,34,632,1597,1459,3.0,266,97314,3354,215,407,132,809,1568,393,798,3918,2678,81,483,315,269,4625,597,203,704,328,481,84,153,1135,429,271,474,80,1096,252,4247,168,1099,86,4111,477,764,123,905,154,638,84,555,186,77,303,843,122,195,7600,10371,57705,6601,29670,7832,5266,1161,9289
LGA11520,14285,60818,12910,16.230556849556315,69.10115551111767,14.668287639326008,46864,35675,56.778007971989,43.221992028011,62204,6345,90.74384746677559,9.256152533224409,37469,1623,5266,3473,25900,36262,50.81851595665324,2.2012450665256136,7.142179002047985,4.710366060408783,35.12769391436438,49.181484043346764,36,882,2361,2061,2.6,14,46864,74,59,62,150,159,8647,162,367,2225,188,137,272,657,1194,2113,388,327,56,530,3668,216,3125,436,724,130,78,83,381,109,1251,89,156,65,712,182,287,245,430,88,365,276,358,56,249,372,655,55,53,2995,5473,50108,2088,8430,1923,2919,815,5142
LGA11570,71037,227021,48246,20.512901958972463,65.55540796525597,13.931690075771577,171649,152698,52.92140824487355,47.07859175512645,212447,41653,83.60763478945297,16.392365210547027,141340,9495,21802,14926,87696,133919,51.34800315339372,3.4494784911665013,7.920540291143976,5.422529326924823,31.85944873737099,48.65199684660629,35,502,1437,1298,3.0,469,171649,7081,350,502,204,547,18846,616,2847,2841,2241,223,748,7042,2247,5073,3628,630,1862,552,3785,358,3211,19818,1860,539,640,1443,2902,200,4455,95,4853,143,4114,628,388,423,550,268,646,459,1193,1971,697,530,19068,81,160,18681,21956,151176,9802,42076,11476,19128,8057,20826
LGA11600,537,1780,399,19.771723122238587,65.53755522827687,14.690721649484537,2180,263,89.23454768726975,10.76545231273025,1540,380,80.20833333333334,19.791666666666664,1088,69,129,142,751,1091,49.931161083065625,3.166590178981184,5.920146856356126,6.516750803120698,34.46535107847637,50.068838916934375,40,681,1538,1240,2.4,0,2180,0,0,0,0,0,4,0,0,31,4,5,4,0,7,38,3,0,0,7,9,3,19,0,0,4,0,0,0,3,29,4,0,0,14,0,10,0,22,0,0,9,0,0,3,5,0,0,9,27,282,737,156,614,176,165,13,253
LGA11650,60426,198752,68560,18.43728832176922,60.64356284593181,20.91914883229897,258376,48054,84.31811506706262,15.681884932937376,207901,36548,85.0488240900965,14.951175909903498,123900,10562,29266,18906,84675,143409,46.35085238431927,3.9512324687908005,10.948378094265438,7.0727136011133185,31.676823451511172,53.649147615680725,42,600,1560,1258,2.5,24,258376,70,68,74,562,307,1498,266,348,15125,379,280,1171,332,266,1393,384,123,58,1052,888,273,577,192,414,640,147,62,89,1000,5506,343,137,303,1752,339,1889,197,1612,128,239,116,560,39,90,1056,302,485,278,4619,21301,106672,15917,78496,20765,11057,806,22410
LGA11700,347,1198,293,18.879216539717085,65.17954298150164,15.941240478781285,1457,81,94.73342002600779,5.266579973992198,822,337,70.92320966350302,29.076790336496984,495,64,126,66,728,984,33.46855983772819,4.3272481406355645,8.519269776876268,4.462474645030426,49.22244759972955,66.5314401622718,39,460,1075,901,2.4,0,1457,0,0,0,3,0,3,0,3,14,3,0,5,0,3,3,0,0,0,0,0,0,0,0,0,0,0,0,0,3,9,0,0,0,3,0,0,0,0,0,0,3,0,0,0,3,0,0,0,12,295,333,104,366,170,153,7,318
LGA11720,11379,35078,9109,20.478350070186803,63.12853183601484,16.393118093798368,47595,3492,93.16460156204123,6.8353984379587756,30966,8048,79.37150766391552,20.628492336084484,19658,1896,4457,2676,15498,24527,44.49021161027498,4.291048998528913,10.087133642638904,6.056353966278149,35.075251782279054,55.509788389725024,38,540,1414,1177,2.6,6,47595,0,0,0,39,18,49,16,7,1042,47,15,159,6,10,97,23,3,0,53,39,10,15,19,42,24,0,0,8,81,519,28,17,19,179,20,207,9,91,15,13,7,92,3,3,89,15,33,13,272,4478,11990,2968,15010,4678,2629,114,5051
LGA11730,8307,29356,13006,16.394639720539185,57.93680554185004,25.668554737610766,42432,3819,91.74288123500033,8.257118764999676,30213,7490,80.13420682704295,19.86579317295706,19967,1749,4794,3371,12474,22388,47.14201392987841,4.129382599456971,11.318616456144493,7.958918663676072,29.451068350844057,52.85798607012159,49,477,1133,910,2.3,0,42432,4,0,3,49,11,55,9,18,1283,31,28,157,12,30,87,26,3,3,41,38,21,4,3,35,26,5,3,11,162,560,28,10,34,154,10,153,8,86,6,28,16,45,3,3,116,31,43,29,318,4411,12629,2532,14088,4059,2750,132,4533
LGA11750,1031,2982,640,22.157747689662582,64.08768536428111,13.754566946056308,3716,326,91.93468579910935,8.065314200890649,2501,581,81.14860480207658,18.851395197923427,1656,149,306,213,1303,1971,45.6575682382134,4.108078301626689,8.436724565756824,5.87262200165426,35.925006892748826,54.3424317617866,36,706,1923,1495,2.4,0,3716,10,0,0,8,0,3,0,0,37,6,0,3,0,0,16,3,0,0,15,3,0,0,0,5,0,0,3,3,9,68,4,5,19,12,0,0,0,26,0,9,0,3,0,0,8,3,3,3,31,612,1055,281,1090,289,236,13,531
LGA11800,13356,44209,15375,18.310940499040306,60.6100904853304,21.078969015629283,57154,10145,84.92548180507883,15.074518194921172,45162,8599,84.00513383307602,15.994866166923979,27894,2481,6815,4026,18379,31701,46.80594009564561,4.1631009312861815,11.435523114355231,6.755600302038761,30.839835556674217,53.1940599043544,44,566,1346,1107,2.4,137,57154,23,10,10,135,12,129,24,52,2509,77,56,374,21,59,1041,43,44,13,158,134,67,59,19,121,45,13,307,11,240,1037,64,65,93,302,64,318,26,307,27,27,115,131,0,12,229,48,65,48,1209,5642,22890,3845,16907,4521,2858,347,5740
LGA12000,883,2418,1014,20.463499420625723,56.03707995365006,23.49942062572422,3645,164,95.6944079810974,4.305592018902599,2348,613,79.29753461668355,20.702465383316447,1842,136,250,258,935,1579,53.84390529085062,3.975445776088863,7.307804735457468,7.541654486992108,27.331189710610932,46.15609470914937,44,594,1418,1169,2.5,0,3645,0,0,0,7,0,0,0,0,60,0,0,9,0,0,8,0,0,0,0,0,0,0,0,6,0,0,0,0,10,18,3,7,0,0,0,6,3,3,0,0,0,0,0,0,5,0,0,0,12,501,988,197,1076,349,195,7,455
LGA12150,794,2348,783,20.229299363057322,59.82165605095542,19.94904458598726,3160,104,96.81372549019608,3.1862745098039214,1926,597,76.33769322235435,23.662306777645657,1293,109,224,246,1250,1829,41.41575912876361,3.4913516976297245,7.174887892376682,7.879564381806533,40.038436899423445,58.58424087123638,43,519,1218,976,2.4,0,3160,0,0,0,0,0,3,0,0,24,0,0,13,3,0,11,3,0,0,3,3,0,0,0,0,0,0,0,0,3,15,0,3,0,3,5,5,0,3,0,10,0,0,0,0,0,3,0,0,3,658,849,198,809,281,268,28,599
LGA12350,2166,7201,3102,17.371080279092148,57.751223033122145,24.877696687785708,10532,754,93.31915647705121,6.680843522948786,7122,2041,77.72563570882899,22.274364291171015,4884,409,1034,843,3138,5424,47.38067520372526,3.96779200620877,10.031043849437332,8.178114086146682,30.442374854481958,52.61932479627474,47,509,1225,959,2.3,0,10532,0,3,3,9,3,19,12,0,203,7,8,39,3,6,19,5,0,0,18,19,4,5,0,6,8,0,0,0,38,72,6,0,3,28,3,24,5,32,3,6,10,0,0,0,16,10,8,8,82,1169,2886,586,3398,1076,813,39,1122
LGA12380,44366,147598,24116,20.532210292484265,68.30710847834135,11.16068122917438,90056,112879,44.3767708872299,55.6232291127701,132846,26169,83.54306197528535,16.45693802471465,91536,5430,11355,7946,55455,80186,53.30476001910064,3.1620875601262504,6.612431721037491,4.627246363308138,32.29347433642748,46.69523998089936,32,501,1436,1379,3.2,6137,90056,991,463,358,121,426,14131,814,829,1369,1800,71,345,668,1232,14307,833,2417,2921,274,1297,135,4369,10587,975,1383,265,863,4933,100,2695,58,4653,53,4023,326,262,275,290,179,4856,830,655,127,3571,276,4738,52,132,9422,13142,97509,5895,23942,6730,11382,6485,12518
LGA12700,1661,5512,1796,18.51934440851823,61.45612665849035,20.024528932991416,7772,434,94.711186936388,5.288813063611991,5473,1132,82.86146858440576,17.138531415594247,3953,212,705,426,2024,3367,54.002732240437155,2.8961748633879782,9.631147540983607,5.819672131147541,27.650273224043715,45.997267759562845,45,578,1474,1226,2.5,0,7772,0,0,0,3,0,7,3,0,191,0,3,28,0,3,3,3,0,0,10,8,0,3,0,8,0,0,0,0,14,49,0,0,0,12,0,17,0,13,0,0,0,0,0,0,17,0,6,4,29,763,2307,430,2559,620,394,13,680
LGA12730,1580,5307,1976,17.826920907142053,59.87814509759674,22.2949339952612,7262,568,92.74584929757343,7.254150702426565,5015,1256,79.97129644394833,20.028703556051667,3420,247,714,588,2299,3848,47.05558613098514,3.3984589983489264,9.823885525591635,8.090258668134286,31.63181067694001,52.94441386901486,45,595,1399,1080,2.3,0,7262,0,0,0,3,0,6,0,3,118,0,0,17,11,4,33,0,0,0,8,22,4,14,0,6,0,0,0,3,20,70,4,3,3,18,0,24,0,28,0,15,52,0,0,4,7,0,3,3,37,1020,2327,704,1825,664,459,41,966
LGA12750,5312,20542,11379,14.266913759299547,55.171487658797304,30.561598581903148,28881,4969,85.32053175775481,14.6794682422452,23489,4887,82.77769946433607,17.222300535663944,15911,1213,3893,2672,8224,16002,49.85742487387585,3.8009588568921755,12.198790461567386,8.372763450631403,25.770062357033186,50.14257512612414,54,512,1184,939,2.2,0,28881,4,8,0,64,30,40,109,11,1836,19,40,317,43,13,77,26,0,0,75,109,8,9,8,27,60,15,5,11,189,454,22,0,14,104,38,246,12,120,38,19,0,27,7,3,114,39,57,15,475,3383,11487,2050,9331,2715,1742,77,3455
LGA12850,37933,133441,27439,19.079738246492937,67.11885037698741,13.801411376519642,80775,107149,42.98280155807667,57.017198441923334,113040,36990,75.34493101379725,24.65506898620276,77345,6232,13775,8951,54579,83537,48.075608209743784,3.873646523538991,8.562176004773685,5.5637050757698185,33.92486418617372,51.92439179025621,36,439,1263,1222,3.3,307,80775,80,924,7384,63,1673,4048,1938,430,1027,1372,108,498,454,443,747,469,1550,18752,129,3476,58,96,2472,539,981,205,404,75,120,2807,60,325,21,2381,485,200,96,112,867,212,156,1509,787,652,205,30805,25,55,14582,10892,76178,6394,24142,8365,16271,10494,10644
LGA12870,2094,6798,3379,17.06462391003178,55.39890799445848,27.536468095509736,10208,845,92.35501673753733,7.644983262462681,7202,1741,80.53225986805323,19.467740131946773,5356,411,950,821,2653,4835,52.55617701893828,4.032970267883427,9.321950740849768,8.056127956039642,26.032774016288883,47.44382298106172,49,559,1299,1017,2.3,0,10208,4,0,0,0,0,11,4,3,296,3,0,46,3,3,23,10,0,0,12,16,5,14,0,3,8,0,3,0,39,106,3,10,8,48,6,51,0,7,3,5,0,7,0,0,10,6,5,3,48,1227,3002,1267,2692,900,711,26,1219
LGA12900,1947,5554,2086,20.30875143423386,57.93261708563679,21.758631480129342,8216,386,95.51267147175075,4.487328528249244,5392,1332,80.19036287923855,19.80963712076145,3723,301,615,585,2418,3919,48.71761319026433,3.9387594870452762,8.047631510075897,7.655064119340486,31.64093169327401,51.28238680973567,42,571,1326,1069,2.4,0,8216,0,0,0,11,0,14,3,0,92,3,0,12,3,3,21,0,5,0,3,19,3,3,0,4,3,0,0,7,13,55,3,0,0,35,0,15,0,17,0,4,0,7,0,0,4,5,5,0,15,984,2408,489,2276,673,512,24,891
LGA12930,24616,99699,22524,16.76393873562201,67.896812154809,15.339249109568984,73047,66916,52.190221701449666,47.809778298550334,102487,12648,89.01463499370304,10.985365006296956,64949,2895,8286,6361,39732,57274,53.13975274702797,2.368621290591787,6.779411403745613,5.204421426409104,32.50779313222552,46.86024725297202,37,640,1817,1654,2.9,9,73047,859,325,71,142,295,23654,701,1317,1934,737,101,297,2299,3602,2144,1579,161,92,285,1140,302,546,1631,1260,220,121,135,4810,113,2179,64,233,75,2248,217,278,351,414,179,209,590,661,1695,124,341,1141,82,90,4834,6878,78893,3836,15977,4221,5233,1806,7002
LGA12950,791,2446,999,18.673276676109538,57.743153918791315,23.58356940509915,3679,158,95.88219963513161,4.117800364868387,2306,745,75.58177646673222,24.41822353326778,1716,119,258,268,1081,1726,49.85473561882626,3.457292271934922,7.495642068564788,7.78617083091226,31.406159209761764,50.14526438117374,45,537,1199,998,2.4,0,3679,0,0,0,0,0,0,0,0,32,3,0,9,4,3,18,0,0,0,3,0,0,0,3,0,0,0,0,0,7,21,0,0,0,13,0,4,0,3,0,0,0,0,0,0,3,0,0,0,17,403,934,195,1099,373,323,9,387
LGA13010,1514,5036,2282,17.142210144927535,57.01992753623188,25.837862318840582,7219,581,92.55128205128204,7.448717948717949,4864,1382,77.87383925712456,22.126160742875438,3429,291,790,614,2196,3891,46.84426229508197,3.9754098360655736,10.792349726775956,8.387978142076502,30.0,53.15573770491804,47,478,1111,838,2.2,0,7219,0,0,0,3,0,18,0,0,190,3,0,23,3,0,25,5,0,0,11,3,8,6,0,7,5,0,0,10,27,73,0,3,7,23,0,23,6,11,0,0,0,3,0,7,13,4,11,0,63,1035,2096,384,2235,663,610,27,1059
LGA13310,5374,18489,5748,18.148660970585258,62.43963391982709,19.411705109587654,24472,2945,89.25848925848926,10.741510741510742,17520,3670,82.6805096743747,17.319490325625296,11235,913,2278,1655,8160,13006,46.34709789200115,3.7663462728435295,9.397302091497876,6.8272761024710205,33.66197764118642,53.65290210799885,42,625,1505,1196,2.4,6,24472,18,3,18,24,21,77,17,23,690,28,26,101,32,13,145,23,23,11,43,57,7,66,38,29,22,0,6,33,88,314,31,24,15,152,21,102,13,50,8,18,16,46,14,9,63,24,16,26,322,2193,8425,1381,7133,1934,1292,129,3000
LGA13340,2237,6049,2058,21.626063418406805,58.47834493426141,19.895591647331788,8918,614,93.55853965589593,6.441460344104071,6021,1328,81.92951421962171,18.07048578037828,4487,234,726,533,2137,3630,55.27904398176666,2.882838487125785,8.944191203646668,6.566465442897622,26.327460884563266,44.72095601823334,44,600,1439,1168,2.5,0,8918,0,0,0,6,0,5,8,0,196,19,3,49,3,3,9,0,0,0,21,3,9,3,0,5,6,0,0,0,44,89,5,0,5,24,0,10,0,12,0,5,0,9,0,0,17,3,5,3,34,822,2685,718,2356,711,463,17,740
LGA13450,5366,16134,4137,20.93068611772048,62.93248039942271,16.136833482856808,18126,4819,78.99760296360863,21.002397036391372,14296,3486,80.39590597233158,19.604094027668427,10515,666,1206,1335,6559,9766,51.84655588974903,3.2838617425176277,5.946452344558947,6.582515655046596,32.34061436812781,48.15344411025097,37,674,1555,1331,2.7,108,18126,9,0,0,5,12,68,0,18,230,170,13,28,4,20,978,10,12,5,28,1055,4,23,15,85,8,8,12,7,28,432,0,121,11,222,4,35,7,88,3,30,155,36,4,88,34,3,6,43,532,2694,6830,1208,5706,1371,1540,288,2467
LGA13510,2019,6248,2874,18.122251144421504,56.081141728749664,25.79660712682883,9536,615,93.9414835976751,6.058516402324894,6520,1671,79.59956049322427,20.40043950677573,4681,264,822,761,2594,4441,51.315500986625736,2.894102170576628,9.01118175838632,8.342468756851568,28.436746327559746,48.684499013374264,47,539,1280,964,2.3,0,9536,0,0,0,10,0,15,0,0,187,3,0,28,3,7,31,5,0,0,10,4,0,0,5,7,6,3,0,3,16,76,3,0,8,39,4,24,3,7,0,5,17,3,0,0,16,11,0,0,46,990,2800,560,2975,854,672,29,914
LGA13550,2527,7367,2311,20.704629250307253,60.360507988529285,18.93486276116346,10502,583,94.74064050518719,5.25935949481281,6947,1643,80.8731082654249,19.12689173457509,4664,381,744,763,3133,5021,48.15694372741353,3.9339184305627257,7.681982447083119,7.878162106350025,32.348993288590606,51.84305627258647,40,618,1586,1253,2.5,3,10502,0,0,0,8,4,32,0,4,120,0,6,22,3,7,18,4,0,0,9,9,3,10,0,0,7,0,0,0,10,93,3,5,14,43,5,17,0,40,0,4,0,3,0,4,20,10,7,0,37,1120,3058,581,3099,842,651,42,1055
LGA13660,972,2913,1369,18.50019033117625,55.44347164065474,26.056338028169012,4433,212,95.43595263724434,4.564047362755652,2852,825,77.56323089475116,22.436769105248842,2261,154,384,380,1106,2024,52.765460910151695,3.593932322053676,8.96149358226371,8.868144690781797,25.810968494749126,47.23453908984831,48,489,1178,910,2.3,0,4433,0,0,0,0,0,3,0,3,76,6,0,18,0,0,5,0,0,0,3,0,0,4,0,0,0,0,0,0,9,25,4,0,0,12,0,8,0,4,0,0,0,4,0,0,13,0,0,3,14,607,1271,233,1261,383,388,9,600
LGA13800,12870,42499,9221,19.925685090571296,65.79811116271868,14.276203746710017,52539,7938,86.87434892603801,13.125651073962002,41119,6744,85.90978417566805,14.090215824331947,25506,1701,4723,2409,17375,26208,49.321266968325794,3.289244691959624,9.132923386317051,4.658313029353754,33.59825192404378,50.678733031674206,38,728,1916,1668,2.8,0,52539,0,8,4,57,38,239,74,28,2351,74,41,298,88,39,135,46,33,12,181,191,21,42,79,105,475,13,8,0,245,833,63,26,34,261,43,250,35,248,49,30,14,87,70,12,142,60,68,24,652,4109,20236,3164,16371,3642,2061,181,3783
LGA13850,521,1782,651,17.637102234258634,60.32498307379824,22.03791469194313,2350,188,92.5925925925926,7.4074074074074066,1617,455,78.04054054054053,21.95945945945946,1212,90,189,170,766,1215,49.93819530284301,3.7082818294190356,7.787391841779975,7.0045323444581795,31.56159868149979,50.06180469715699,46,587,1344,1075,2.3,0,2350,0,0,0,0,0,3,0,0,25,12,0,6,7,0,14,0,0,0,0,19,0,0,0,0,0,0,0,3,4,37,0,6,0,5,0,5,0,7,0,0,0,3,0,0,3,0,0,0,18,407,760,206,600,205,201,8,354
LGA13910,3613,10722,4166,19.528674125722933,57.953624128425496,22.517701745851575,15814,1145,93.24842266643081,6.751577333569196,10589,2688,79.75446260450403,20.245537395495973,7340,604,1335,1112,4499,7550,49.29482874412358,4.056413700470114,8.965748824714574,7.468099395567494,30.214909335124247,50.70517125587642,44,538,1261,976,2.4,3,15814,5,12,3,11,3,32,9,3,297,9,7,31,6,3,35,13,3,3,15,26,0,3,66,9,9,0,3,3,54,152,7,0,9,50,3,36,4,19,11,9,11,6,0,4,32,0,9,3,96,1532,4645,967,4604,1364,1028,83,1537
LGA14000,27874,91723,23072,19.53753092823248,64.29077094533501,16.171698126432513,84949,52795,61.67165175978627,38.32834824021373,101358,7509,93.10259307228085,6.897406927719143,67497,2263,7197,5789,32046,47295,58.79939368597115,1.9713917346156529,6.26960066903617,5.043034357794968,27.91657955258206,41.20060631402885,40,793,2372,2121,2.9,174,84949,135,40,46,341,168,8745,122,218,6015,341,177,589,119,2350,5398,651,1601,60,403,705,527,2671,588,1774,93,129,138,905,383,2146,105,453,138,1812,363,606,714,2018,85,1659,611,415,23,93,786,589,173,241,4164,4926,78375,3705,15116,2880,1945,655,5851
LGA14100,2655,8325,3027,18.954808310130648,59.43456843007068,21.610623259798672,9508,3684,72.0739842328684,27.926015767131595,9570,827,92.04578243724151,7.954217562758488,5989,214,844,789,3511,5358,52.78047060897153,1.8859610469727683,7.438089362827179,6.953379747951001,30.94209923327752,47.219529391028466,43,977,3301,2467,2.7,21,9508,3,9,6,39,14,455,19,51,559,22,18,68,87,132,110,37,56,7,83,174,42,80,46,84,12,6,10,5,37,210,9,4,12,64,49,60,57,145,11,32,29,23,6,27,119,64,23,18,436,813,7552,310,1130,263,226,52,928
LGA14170,27908,131929,22199,15.331033421960491,72.47412599705552,12.194840580983982,105719,62406,62.88118959107807,37.11881040892193,128186,12243,91.28171531521268,8.718284684787331,59652,3743,12902,5880,71944,94469,38.70465413538713,2.4286112859376723,8.37134459288481,3.8151841734740883,46.680205812316295,61.29534586461287,36,957,2498,2048,2.4,23,105719,442,115,122,633,380,6373,318,356,8007,508,566,801,2694,951,2337,910,314,99,1350,3222,596,809,1066,1010,252,153,150,2341,333,4160,187,132,165,2068,489,874,441,898,180,343,384,1484,331,443,1498,3204,234,113,7545,13919,106941,4546,13955,2992,6025,2006,13622
LGA14200,3324,9660,3494,20.172351013472507,58.62361937128292,21.20402961524457,13875,1044,93.0022119445003,6.997788055499699,9224,2408,79.29848693259972,20.701513067400278,6250,528,1128,969,4282,6907,47.50323021965494,4.013072888956449,8.573382990043322,7.364900813255301,32.545413088089994,52.49676978034506,42,509,1181,950,2.4,0,13875,0,0,0,9,3,7,3,0,206,13,9,38,0,3,28,6,0,0,14,24,11,21,0,8,3,0,0,0,24,94,3,0,12,176,5,33,0,38,0,0,10,15,0,0,108,18,9,6,98,1566,4077,743,4073,1235,957,42,1479
LGA14300,1120,4155,1018,17.797552836484982,66.0257428889242,16.176704274590815,5191,469,91.71378091872792,8.286219081272085,3081,706,81.35727488777397,18.642725112226035,2410,202,411,289,1856,2758,46.63312693498452,3.9086687306501546,7.9527863777089784,5.592105263157895,35.91331269349845,53.366873065015476,40,600,1410,1139,2.5,4,5191,0,0,6,4,0,28,0,0,81,3,0,10,3,11,17,3,0,0,3,3,0,15,7,3,3,0,3,3,5,66,4,0,5,15,0,11,5,7,0,4,60,3,0,3,8,11,0,3,32,630,1329,285,1381,395,253,14,1372
LGA14350,4967,16998,6906,17.20411485573759,58.87568840705206,23.92019673721035,23939,2052,92.1049594090262,7.895040590973798,15773,4666,77.1710944762464,22.82890552375361,10488,1083,2682,1899,7762,13426,43.8571548047169,4.528727941791419,11.215187756126118,7.940955089069164,32.457974408296394,56.1428451952831,47,474,1107,894,2.4,0,23939,3,0,3,24,13,50,3,3,631,34,5,110,9,6,45,8,4,3,25,13,12,10,5,16,23,3,3,6,59,262,18,8,18,121,11,80,5,37,6,8,22,34,0,3,49,12,20,10,184,2894,6290,1387,7546,2561,1773,79,3381
LGA14400,3611,12809,5048,16.820383827091483,59.66554872368176,23.514067449226754,17036,2962,85.18851885188519,14.81148114811481,14580,1850,88.74010955569081,11.25989044430919,10228,444,1511,1150,4528,7633,57.26443088292928,2.4858630535804265,8.459772689099154,6.438609260399754,25.35132411399138,42.73556911707072,47,683,1820,1509,2.5,0,17036,0,3,3,48,10,59,17,17,1112,15,14,106,24,20,31,16,10,0,84,93,12,11,3,18,29,4,3,0,65,317,43,0,11,29,13,141,11,101,5,10,0,41,17,4,91,5,35,17,236,1471,8556,942,4625,1028,542,36,1397
LGA14500,23863,72736,21461,20.212603760799595,61.609351177367444,18.178045061832968,67679,45965,59.553518003590156,40.44648199640984,84771,4716,94.72996077642563,5.270039223574374,57718,1466,4600,5199,25201,36466,61.28217106939607,1.5565276480081542,4.884056739998301,5.520045867663297,26.757198674934173,38.71782893060393,41,942,3046,2640,2.9,26,67679,26,19,26,400,120,8390,81,148,6739,167,210,592,104,2956,2004,526,1135,32,407,377,786,2481,143,1429,37,60,72,92,372,2237,98,144,284,574,243,559,756,3956,45,577,894,273,25,89,1048,421,164,280,3343,4415,71546,2482,6697,1336,851,333,4632
LGA14550,1459,5424,2050,16.33269898130527,60.718683532967646,22.94861748572708,7144,850,89.36702526895172,10.632974731048286,5312,1271,80.69269330092663,19.307306699073372,3401,312,940,540,2294,4086,45.42540403365834,4.167223186857219,12.555095498864699,7.212501669560571,30.639775611059168,54.574595966341654,50,460,1076,832,2.2,0,7144,3,0,0,19,0,7,0,3,256,7,12,55,3,3,12,5,0,0,10,7,12,3,0,5,4,0,0,0,21,136,0,0,12,29,5,33,3,18,3,5,3,15,0,0,24,0,3,14,75,953,2218,479,2429,632,532,24,882
LGA14600,1356,3582,1270,21.84278350515464,57.699742268041234,20.457474226804123,5163,236,95.62882015187998,4.371179848120022,3271,869,79.00966183574879,20.990338164251206,2319,146,362,387,1630,2525,47.87365813377374,3.014037985136251,7.473162675474815,7.9892650701899255,33.64987613542527,52.126341866226255,40,556,1279,1034,2.4,0,5163,0,0,0,3,0,11,0,7,42,0,0,9,0,0,20,0,0,0,3,0,0,0,6,0,0,0,0,0,3,35,0,3,3,35,0,3,0,16,0,4,0,8,0,0,3,0,0,0,23,802,1482,293,1402,431,368,32,683
LGA14650,36112,120658,40602,18.296414891676633,61.13227813468982,20.571306973633543,168252,19694,89.5214582912113,10.478541708788693,125647,24614,83.61916931206368,16.380830687936324,80629,5308,15397,10949,48981,80635,49.998139696398454,3.2914971723385253,9.547698184343686,6.789488044448853,30.373176902470483,50.00186030360155,42,609,1610,1313,2.5,3,168252,65,45,59,264,93,522,128,69,5155,150,81,883,138,116,668,155,58,27,321,415,82,182,43,306,115,42,43,27,527,2266,114,83,154,695,200,874,80,674,110,156,20,274,265,23,504,138,243,115,1923,9424,61387,9451,50664,14501,7093,444,10749
LGA14700,6672,24449,4938,18.503008957541805,67.80276768629192,13.694223356166283,21270,13067,61.94484084224015,38.055159157759846,26446,1241,95.51775201358038,4.482247986419619,15273,641,2089,1160,10214,14104,51.98965176839023,2.181979099295367,7.11100520815604,3.948667324777887,34.76869659938047,48.01034823160976,36,1149,2971,2376,2.5,11,21270,83,11,12,136,59,1476,70,86,1737,71,95,196,68,514,856,158,398,7,238,192,359,312,61,484,19,21,14,309,84,757,34,63,40,404,132,171,174,440,32,143,130,169,32,56,361,128,53,61,1528,1712,22676,740,2144,375,299,102,1666
LGA14750,2297,6848,2021,20.571377395665415,61.329034569228014,18.099588035106574,9091,903,90.96457874724835,9.03542125275165,6184,1596,79.48586118251927,20.51413881748072,4284,299,632,631,3022,4584,48.3085250338295,3.3716734325665314,7.126747857465043,7.115471357690573,34.07758231844835,51.6914749661705,40,607,1456,1190,2.5,33,9091,3,0,0,10,3,19,8,3,92,18,0,16,4,3,88,4,3,0,0,185,5,3,0,14,0,0,0,0,6,108,0,6,6,92,4,20,0,30,3,15,6,18,0,0,7,4,3,6,57,1172,2403,543,2861,709,599,41,1070
LGA14850,7709,27563,7847,17.878429462649876,63.923096546765926,18.198473990584198,35360,4048,89.72797401542833,10.27202598457166,27155,4709,85.22156665829776,14.778433341702236,14546,1396,4080,2016,13383,20875,41.0660342734536,3.9411648457129953,11.51859066655374,5.691538917591259,37.782671296688406,58.9339657265464,43,550,1351,1067,2.4,0,35360,11,0,3,85,9,64,7,16,1052,29,55,220,5,19,108,47,12,4,51,172,42,28,3,49,7,5,3,3,116,528,25,26,49,160,20,98,15,112,11,15,17,47,3,0,150,52,24,34,453,3727,14170,2079,9936,2357,1685,107,3494
LGA14870,3591,12850,4649,17.027027027027028,60.92935040303461,22.04362256993836,16782,1966,89.51354811179858,10.486451888201408,12057,2855,80.85434549356223,19.14565450643777,7938,677,1879,1224,5784,9564,45.35481659238944,3.8681293566449546,10.735915895326247,6.993486458690436,33.04765169694892,54.64518340761055,45,510,1328,984,2.3,4,16782,7,3,5,13,14,53,15,4,542,26,15,78,13,16,63,14,12,19,31,52,3,6,19,25,12,8,0,0,57,208,11,3,12,94,19,103,6,27,8,15,4,23,6,3,42,40,25,0,168,2342,4888,1032,5748,1548,1065,49,2540
LGA14900,46302,136703,21325,22.660402290412566,66.90304898937993,10.436548720207508,105550,83346,55.877308148399116,44.122691851600884,121723,22797,84.225712704124,15.774287295876002,81921,5983,11333,7082,51704,76102,51.84118767521184,3.7861577112192526,7.171740822538491,4.48162609240427,32.71928769862615,48.158812324788165,33,584,1663,1550,3.2,255,105550,702,1451,1652,129,1276,2589,1769,1413,1932,6541,107,518,937,343,5265,861,932,9885,200,2682,87,196,4169,588,685,427,150,438,151,3414,92,1310,61,3945,692,358,164,493,997,544,132,679,1167,670,282,6651,56,393,12938,15427,81128,6784,27652,7101,9490,4124,13244
LGA14920,1442,4545,1710,18.734571911134207,59.048980122125506,22.216447966740287,6505,342,95.00511172776397,4.9948882722360155,4296,1145,78.95607425105679,21.04392574894321,3005,262,611,481,1895,3249,48.04924848097218,4.189318835944995,9.76974736168852,7.69107771026543,30.30060761112888,51.950751519027826,45,533,1287,1032,2.3,0,6505,0,0,0,6,0,7,4,0,122,0,0,11,0,0,13,0,0,0,3,9,0,6,0,0,0,0,0,3,13,52,10,0,0,10,0,10,3,8,0,0,0,0,0,0,9,4,4,4,22,842,1765,389,2005,597,440,25,774
LGA14950,638,1774,704,20.474967907573813,56.93196405648266,22.593068035943517,2643,147,94.73118279569891,5.268817204301075,1778,408,81.33577310155535,18.664226898444646,1394,88,193,195,616,1092,56.074014481094125,3.5398230088495577,7.763475462590506,7.843925985518905,24.778761061946902,43.925985518905875,46,585,1408,1114,2.5,0,2643,0,0,0,0,0,6,0,0,47,0,0,3,0,3,0,0,0,0,0,0,3,0,0,7,0,0,0,0,8,28,0,0,0,0,0,10,0,6,5,0,0,0,0,0,4,0,0,0,9,332,752,163,810,211,163,4,288
LGA15050,16903,49328,11087,21.861662226131042,63.79885666985695,14.339481104012004,66989,6151,91.59010117582717,8.409898824172819,47432,8812,84.33255102766518,15.667448972334826,29543,2210,5460,3100,20095,30865,48.90577406965965,3.6584558336644153,9.038537941994438,5.131770626407098,33.2654615282744,51.09422593034035,36,644,1664,1415,2.7,6,66989,39,9,3,83,25,162,22,30,1412,77,20,270,28,42,407,46,6,14,82,66,12,41,10,88,31,3,3,9,118,782,43,58,22,359,67,261,18,309,18,38,30,76,5,6,136,51,62,116,544,4166,22310,3998,19427,5159,2529,153,4077
LGA15240,13938,49177,27197,15.43316502790327,54.45234298875011,30.11449198334662,74289,8449,89.7882472382702,10.211752761729798,53931,14433,78.88801123398281,21.111988766017202,37812,3130,8908,6601,19914,38553,49.51483009231978,4.098736332089308,11.665029791134682,8.644012309304,26.07739147515223,50.485169907680216,52,476,1108,887,2.2,3,74289,18,8,10,94,34,122,56,68,3108,41,50,377,32,32,205,52,19,17,131,132,23,43,21,59,100,25,11,19,347,946,75,11,52,304,64,333,19,210,28,32,8,85,7,4,185,26,71,46,698,7568,22116,4473,25665,8368,4970,207,7818
LGA15270,4904,14437,4735,20.368832031898986,59.96427978069446,19.666888187406546,19525,1811,91.51199850018747,8.488001499812524,13771,2996,82.13156796087553,17.86843203912447,9272,799,1857,1300,5953,9909,48.339502632813726,4.16558052239195,9.681455607111204,6.777540274229707,31.035920963453417,51.660497367186274,42,547,1433,1131,2.4,0,19525,7,4,3,21,8,36,14,5,562,18,8,77,19,3,50,5,0,0,30,32,8,13,6,17,20,0,0,3,65,231,3,0,3,78,16,57,3,71,10,4,0,21,0,3,50,23,16,18,177,2740,6250,1211,5860,1577,1140,59,2360
LGA15300,2882,8235,2031,21.91968360206876,62.63310009126863,15.44721630666261,10675,688,93.94526093461234,6.054739065387662,6988,1670,80.7114807114807,19.288519288519286,4478,411,707,603,4075,5796,43.58575043799883,4.000389332295113,6.881448316137824,5.869184348841737,39.6632275647265,56.414249562001174,38,669,1480,1240,2.5,0,10675,0,3,3,7,0,7,6,0,80,45,0,11,3,13,54,4,0,0,10,8,3,3,8,5,0,9,0,0,11,90,17,0,6,50,3,15,0,38,8,9,4,11,0,0,15,3,3,10,84,1799,3353,673,2732,856,666,55,1576
LGA15350,5014,18013,5452,17.605955265283193,63.250114119175535,19.143930615541276,16952,9515,64.04957116409113,35.950428835908866,20717,822,96.1836668369005,3.8163331630994937,12196,490,2070,1224,7483,11267,51.979712739206406,2.088394493457785,8.82240122746452,5.216724204065977,31.89276733580531,48.020287260793594,42,1295,3671,2522,2.4,0,16952,19,11,7,142,31,520,62,46,2428,31,169,219,46,207,231,57,76,11,210,160,194,89,23,146,10,14,9,76,123,801,49,15,43,151,93,229,126,488,18,53,43,93,14,36,537,63,67,36,1210,2008,17720,706,1613,292,140,45,1911
LGA15520,1994,6553,3119,17.09240528030173,56.171781244642546,26.73581347505572,9785,814,92.32003019152751,7.679969808472498,6801,1806,79.01707912164517,20.982920878354825,5340,330,847,760,2408,4345,55.136809499225606,3.4073309241094476,8.745482705214249,7.847186370676304,24.863190500774394,44.863190500774394,49,558,1333,1061,2.3,0,9785,3,0,0,3,0,12,3,0,231,14,0,32,7,7,21,0,3,0,12,36,4,0,0,15,11,0,0,11,38,90,9,3,0,55,0,57,3,33,3,15,6,13,0,0,14,5,5,0,45,1083,3023,1499,2072,933,717,26,1052
LGA15560,787,2386,663,20.51616266944734,62.20020855057351,17.283628779979146,3107,231,93.07968843618933,6.920311563810665,2079,562,78.72018174933737,21.279818250662625,1511,138,226,174,1000,1538,49.557231879304695,4.526074122663169,7.412266316825189,5.706789111183995,32.797638570022954,50.44276812069531,41,659,1461,1197,2.5,0,3107,3,0,0,0,0,3,0,0,39,0,0,3,4,3,16,0,0,3,11,14,0,3,0,3,4,0,0,0,11,31,4,0,0,15,0,9,0,15,0,0,0,3,0,0,6,0,0,3,14,497,904,245,839,263,247,9,399
LGA15650,3625,10380,2085,22.529521441889372,64.51211932877564,12.95835922933499,13589,1271,91.44683714670255,8.553162853297442,8996,2071,81.28670823167977,18.713291768320232,5619,572,1082,655,4524,6833,45.12528107934468,4.593639575971731,8.689367169932542,5.260199164792804,36.331513009958236,54.87471892065532,35,640,1665,1346,2.5,0,13589,11,0,0,15,3,47,3,0,219,11,9,15,4,12,82,7,3,3,53,3,4,3,9,19,5,0,3,3,27,218,9,3,5,108,3,31,5,40,3,20,3,24,0,3,23,14,12,30,123,1219,3624,917,4127,1169,686,38,1354
LGA15700,3167,10732,5303,16.49307363816269,55.89001145713988,27.616914904697428,15653,1760,89.89260897030954,10.107391029690461,11257,2933,79.33051444679352,20.669485553206485,7201,690,2037,1337,4785,8849,44.86604361370716,4.299065420560748,12.69158878504673,8.330218068535826,29.813084112149536,55.13395638629284,51,467,1080,835,2.3,0,15653,0,5,0,27,5,18,5,4,670,23,13,78,7,4,24,6,0,0,34,27,9,3,7,15,6,0,3,3,60,245,7,0,11,42,7,72,9,38,5,9,0,23,0,0,41,4,23,0,154,1800,4794,972,5127,1692,1031,48,1782
LGA15750,2788,7989,2306,21.31009707253688,61.06397615225866,17.625926775204466,10905,550,95.19860323003056,4.801396769969446,7141,1712,80.66192251214278,19.338077487857223,5153,362,767,706,3304,5139,50.06801399144967,3.5172949863972014,7.452390205985231,6.859696851923824,32.102603964244075,49.93198600855033,40,632,1531,1242,2.5,0,10905,7,0,4,8,0,18,0,0,95,3,0,27,0,0,18,0,0,0,11,6,3,0,0,3,0,0,0,9,25,86,8,8,4,49,3,13,6,18,3,9,0,5,0,0,39,3,7,9,34,1626,3223,627,3058,894,664,34,1395
LGA15800,1155,3400,1295,19.743589743589745,58.119658119658126,22.136752136752136,4859,274,94.66199103837911,5.338008961620885,3092,876,77.92338709677419,22.076612903225808,2270,182,354,404,1478,2418,48.42150170648464,3.882252559726963,7.551194539249146,8.617747440273039,31.52730375426621,51.57849829351536,44,575,1349,1030,2.3,4,4859,0,0,0,6,0,9,0,0,64,0,8,17,0,0,15,0,0,0,0,16,0,4,0,3,0,0,0,3,14,30,0,3,0,12,0,12,0,9,0,3,0,8,0,0,4,0,3,4,22,720,1275,307,1398,458,345,30,713
LGA15850,1379,3702,1371,21.373217606943584,57.37755734655921,21.249225046497212,5484,235,95.89089001573701,4.109109984262983,3552,876,80.21680216802169,19.78319783197832,2425,206,415,428,1597,2646,47.82094261486886,4.06231512522185,8.183790179451785,8.440149871820154,31.49280220863735,52.17905738513113,42,586,1358,1078,2.5,0,5484,4,0,0,3,0,3,0,0,62,0,0,13,0,0,11,0,0,0,6,5,0,0,0,3,0,0,0,0,9,25,4,0,3,3,0,12,0,4,5,3,0,3,0,0,9,0,0,0,17,727,1598,301,1532,465,331,18,618
LGA15900,26201,104491,24720,16.859058502560934,67.23483386096312,15.906107636475946,126387,21638,85.38219895287959,14.617801047120418,104418,15315,87.20904011425421,12.790959885745783,52535,4050,12317,7679,52634,76680,40.657044460782416,3.134311032000929,9.532175057075417,5.942808497465465,40.73366095267577,59.34295553921758,37,660,1778,1368,2.4,256,126387,160,146,49,322,76,1718,177,84,3222,139,117,601,370,279,1156,133,241,109,300,651,122,397,33,428,47,52,40,101,227,1624,90,250,108,812,268,544,173,435,165,225,170,266,662,41,592,391,152,161,2756,7389,64900,6410,30290,8298,4710,576,9350
LGA15950,8540,49370,9753,12.621373571966954,72.96454487681598,14.414081551217063,36674,25680,58.81579369406935,41.18420630593065,52500,1467,97.28167213297016,2.718327867029852,24796,1443,5722,2057,25097,34319,41.945360737545464,2.441004821111393,9.67943838281316,3.479658293157405,42.45453776537258,58.05463926245453,37,1386,3210,2360,2.0,3,36674,54,30,13,363,81,1961,80,117,4461,158,438,409,75,958,1328,223,366,33,462,363,1027,444,62,559,29,64,26,309,201,2024,92,87,91,673,247,440,302,1096,63,241,281,510,40,92,1053,220,127,98,3220,5307,46535,1590,3625,569,391,127,5133
LGA15990,49852,160554,42463,19.71455575811982,63.492954850139796,16.792489391740386,166494,73076,69.49701548607922,30.502984513920772,176218,13187,93.03767060003696,6.962329399963043,106938,4746,16897,10564,63873,96080,52.674147119959805,2.337723748633126,8.32290732841423,5.203479494429065,31.46174230856377,47.325852880040195,40,916,2528,2178,2.7,78,166494,100,196,55,1186,354,3566,691,340,20084,315,1121,1970,313,943,1826,556,737,79,1369,2266,858,780,245,607,114,70,36,579,1200,6027,340,75,263,1627,499,1813,524,3471,478,185,201,724,87,250,2463,453,610,337,10014,13306,131072,8192,30849,5656,3664,747,13446
LGA16100,925,3201,1178,17.439668174962293,60.35067873303167,22.209653092006032,4173,481,89.66480446927375,10.335195530726256,3070,637,82.81629349878608,17.18370650121392,2152,158,402,290,1386,2236,49.04284412032817,3.6007292616226074,9.161349134001822,6.608933454876937,31.586144029170466,50.95715587967183,45,611,1509,1239,2.4,3,4173,0,4,3,7,0,10,4,0,138,3,0,29,4,3,4,0,3,3,10,11,0,3,7,0,0,0,0,0,11,93,3,0,0,6,3,12,0,13,9,6,0,0,0,0,3,7,0,3,64,646,1364,232,1363,331,237,13,644
LGA16150,8537,25047,6755,21.163142368427575,62.091276432236796,16.74558119933563,33654,3784,89.892622469149,10.107377530851007,24370,4564,84.22616990391927,15.773830096080735,14729,1141,2929,1990,11019,17079,46.305960764587525,3.587147887323944,9.208375251509054,6.256287726358149,34.64222837022133,53.694039235412475,37,667,1655,1295,2.5,8,33654,16,3,4,41,6,140,26,13,663,38,17,109,40,33,377,19,24,11,45,101,12,62,5,34,4,4,9,105,84,368,13,37,14,182,34,99,17,145,12,56,29,38,10,14,79,37,23,107,396,2908,12993,1724,8749,2282,1655,146,2802
LGA16200,2950,8765,2900,20.184741703729046,59.97263085870681,19.842627437564147,12328,779,94.05661097123674,5.943389028763256,8247,1901,81.26724477729603,18.732755222703982,5519,419,1008,909,3805,6141,47.3327615780446,3.5934819897084047,8.644939965694682,7.795883361921098,32.63293310463122,52.667238421955396,41,554,1412,1088,2.4,0,12328,3,0,0,7,0,41,7,4,172,18,4,21,0,3,35,21,0,19,16,6,0,11,7,6,3,0,3,4,31,86,4,9,4,85,6,21,3,39,0,3,0,8,0,0,11,10,5,3,44,1498,3588,708,3602,980,738,34,1473
LGA16260,41603,156999,27547,18.396278559710634,69.4228141623443,12.18090727794507,101064,112203,47.388484857010226,52.611515142989774,156002,14033,91.74699326609228,8.253006733907725,102178,4356,12182,7763,58078,82379,55.3639255081086,2.3602464279328337,6.600670795472402,4.206288572094259,31.4688686963919,44.63607449189139,34,722,1933,1759,2.8,912,101064,1066,180,172,321,401,23242,340,562,3573,1325,168,553,511,4983,24037,1421,2882,572,470,968,463,8882,2688,2299,319,231,392,1202,294,3166,134,1559,132,3636,526,484,723,916,205,3358,1021,725,84,516,730,1504,106,240,7000,12885,125072,5290,20793,5143,4698,2226,14405
LGA16350,41284,131865,22911,21.056819341018056,67.25747220238702,11.68570845659492,141876,42400,76.99103518635091,23.00896481364909,122688,19653,86.19301536451198,13.806984635488018,73222,5764,13196,6741,55852,81553,47.3086738814408,3.724115651752544,8.52592472944597,4.355354546922953,36.085931190437734,52.6913261185592,34,728,1858,1658,2.9,325,141876,318,190,89,175,271,1232,580,684,6123,1176,107,830,438,173,3763,309,376,470,614,902,65,320,717,353,1263,237,82,333,535,3867,321,663,87,3797,360,1037,158,730,243,823,106,377,115,223,329,409,169,234,5283,11788,65992,8744,43396,9880,6667,926,12258
LGA16380,13098,43675,21764,16.677489590893465,55.61073124769217,27.711779161414363,63862,8960,87.69602592623109,12.303974073768915,49197,9862,83.30144431839346,16.69855568160653,33055,2543,7507,5298,17043,32391,50.507288451547836,3.8856461815848182,11.47052531858326,8.09522354307368,26.041316505210403,49.492711548452164,48,540,1300,1042,2.3,0,63862,7,7,4,134,28,154,36,60,3257,53,68,338,24,40,235,39,13,6,187,118,46,42,16,61,74,6,4,20,298,1061,83,9,55,251,49,411,27,267,28,37,13,78,11,12,246,56,81,55,729,5718,23412,4232,19872,5612,3166,151,6260
LGA16400,12514,41092,15958,17.98918981082169,59.07078373871543,22.940026450462884,56262,7680,87.98911513559163,12.010884864408371,42736,8586,83.2703324110518,16.72966758894821,28967,2084,6055,3753,16181,28073,50.78366058906031,3.653576437587658,10.615357643758767,6.579593267882188,28.367812061711078,49.21633941093969,45,571,1431,1180,2.5,0,56262,4,12,10,118,38,91,78,33,2666,46,45,338,59,42,93,29,4,11,107,123,30,47,11,127,80,50,3,20,232,877,56,16,44,241,48,364,28,264,35,16,11,95,18,16,187,37,125,38,589,5610,19310,3738,18346,5206,2433,174,5593
LGA16490,10967,38247,6814,19.574141500678234,68.26408224459199,12.161776254729778,41998,9680,81.26862494678586,18.731375053214133,36766,4318,89.48982572290916,10.510174277090838,22650,1375,4021,1808,15205,22409,50.2674271510686,3.051554628376129,8.923855389600302,4.012516922257485,33.744645908697485,49.7325728489314,38,933,2303,1882,2.6,12,41998,166,33,19,115,40,210,170,48,1692,123,62,286,135,43,848,85,36,21,104,396,28,50,26,118,80,12,28,134,116,784,38,98,73,454,89,209,50,205,94,100,14,89,525,19,295,86,54,50,1107,4355,24585,2258,8657,1868,1551,181,3901
LGA16550,20958,100797,18906,14.899652355663617,71.65952182907841,13.440825815257963,72379,57601,55.68472072626558,44.31527927373442,99930,7529,92.99360686401326,7.006393135986748,46039,2693,8165,4971,57826,73655,38.463916319949206,2.249903921666917,6.821561648871288,4.153090380470199,48.31152772904239,61.5360836800508,34,834,2421,1916,2.5,22,72379,341,83,75,506,449,9929,185,550,6245,315,1043,810,1459,1728,1392,2419,445,259,2806,1079,443,584,366,1885,264,120,107,146,295,2692,264,211,135,1178,554,810,731,1762,128,293,433,650,31,168,1073,737,193,147,9070,10679,82515,3558,11485,2717,3027,755,12153
LGA16610,4368,13318,5118,19.15453429222943,58.40203473074899,22.443430977021574,19421,1292,93.76237145753873,6.237628542461256,12692,3675,77.54628215311297,22.453717846887027,8242,740,2055,1400,6002,10197,44.69873637398991,4.013232821736536,11.144856011714301,7.592602635717773,32.550572156841476,55.30126362601009,44,491,1191,953,2.4,0,19421,0,0,0,28,0,21,3,3,370,7,3,44,5,8,16,4,0,0,30,21,3,4,3,13,12,0,3,0,48,218,8,10,16,111,5,53,7,24,0,3,0,16,0,0,42,7,7,8,96,2099,4830,1159,6226,1884,1499,60,2002
LGA16650,17425,75230,16751,15.926914428824745,68.76222510648411,15.310860464691151,50635,51214,49.71575567752261,50.28424432247739,74199,9895,88.23340547482579,11.76659452517421,45407,2742,7040,4912,31883,46577,49.36401982953557,2.980953209253783,7.653504957383893,5.3400591407201246,34.66146286310663,50.635980170464435,35,666,1746,1575,2.7,25,50635,2071,224,59,127,437,8462,338,1382,1474,600,135,251,3117,1073,1826,1073,228,134,343,1170,341,342,2716,604,314,100,63,3830,93,1706,64,245,63,2012,292,234,234,285,231,121,275,789,2794,348,269,1062,39,68,7145,7556,56665,3201,12079,2771,4904,1490,7809
LGA16700,18966,80743,16592,16.30768437072768,69.425886277848,14.26642935142432,56433,54679,50.78929368565051,49.21070631434949,84282,7485,91.84347314394063,8.156526856059369,49638,1987,6117,4676,34928,47708,50.99130935015306,2.041172724097549,6.283771290037597,4.803484478047378,35.88026215766441,49.00869064984693,36,738,2106,1786,2.7,240,56433,403,76,75,219,177,14547,278,394,2322,369,169,377,391,2823,4128,1232,1515,191,346,1647,577,4545,796,1481,134,115,183,460,143,1447,49,402,105,2058,269,324,544,591,137,1002,656,528,111,173,481,904,89,113,4327,5189,69082,2567,10251,2488,2987,1020,5521
LGA16900,13604,43361,11487,19.87378016712441,63.34511774674224,16.781102086133348,52953,11410,82.27242359740845,17.727576402591552,41931,8633,82.92658808638556,17.07341191361443,27394,1937,4948,3119,17455,27459,49.940750733779375,3.5312562667493115,9.020472900297158,5.686106502834849,31.821413596339305,50.05924926622063,39,579,1562,1343,2.7,4,52953,7,67,24,68,197,107,185,82,3174,46,39,547,105,29,176,38,26,22,129,412,29,49,53,51,262,13,3,3,264,606,54,47,27,296,104,538,34,215,117,25,15,111,806,167,117,101,200,25,1605,4094,18796,3518,17981,4458,2984,331,4192
LGA16950,16315,56986,26345,16.372960279389037,57.18844710274371,26.43859261786725,78741,12771,86.04445318646735,13.955546813532651,60614,13483,81.80358179143555,18.19641820856445,41214,3167,9017,6333,23603,42120,49.45640434876521,3.8003695970432236,10.8203134374925,7.59953920368637,28.323373413012696,50.54359565123478,48,511,1226,992,2.3,4,78741,27,24,13,122,67,252,154,64,4662,68,59,561,151,49,278,73,13,28,176,299,48,44,43,71,216,44,8,37,404,1196,98,20,61,361,99,540,46,228,58,45,8,138,33,10,303,85,161,43,1165,8132,27977,4985,25890,7883,4420,217,9040
LGA17000,4862,15206,2923,21.147405506502544,66.13892392675395,12.71367056674351,19291,1812,91.41354309813771,8.586456901862293,13920,2575,84.38920885116701,15.61079114883298,9169,595,1445,840,6077,8957,50.58479532163743,3.2825775129648016,7.971973960057375,4.634227077126779,33.526426128213615,49.41520467836257,36,684,1981,1682,2.7,0,19291,4,0,0,15,3,33,0,9,374,11,7,50,8,18,43,15,0,0,38,15,3,8,6,19,10,0,3,0,50,429,9,11,23,129,7,43,7,119,3,16,20,13,0,6,51,24,7,16,138,1891,6088,1376,5938,1396,811,37,1589
LGA17040,3466,12884,3878,17.134664821040143,63.69388965789994,19.17144552105992,15637,2587,85.80443371378402,14.19556628621598,12731,2001,86.41732283464567,13.582677165354331,7900,602,1592,991,5666,8851,47.16136350068653,3.5938152946092767,9.503910214315562,5.9160647125544745,33.82484627783416,52.83863649931347,43,675,1569,1200,2.3,0,15637,0,3,0,58,3,48,17,4,669,14,28,194,20,31,32,28,3,0,38,84,17,20,24,20,6,0,3,0,83,269,17,8,16,41,32,90,10,50,17,23,48,45,10,12,74,21,15,6,350,1993,7151,1002,4171,1002,734,64,1978
LGA17080,2602,8598,3198,18.071954438116407,59.716627309348524,22.211418252535076,11711,1206,90.66346674924517,9.336533250754819,8199,1964,80.67499754009643,19.325002459903573,5884,408,1040,889,3566,5903,49.91940273182319,3.4614405701196236,8.823279884618648,7.542207516755747,30.253669296682784,50.08059726817681,45,577,1418,1120,2.3,0,11711,0,0,0,15,3,28,11,3,234,18,6,61,0,10,33,9,7,3,14,8,3,5,3,13,0,0,0,0,42,189,4,9,9,49,11,45,6,98,4,0,33,27,3,0,24,12,7,9,150,1485,3508,866,3559,1040,752,45,1587
LGA17100,6227,29463,4628,15.444714519569422,73.07654149511384,11.478743985316733,14801,22710,39.457759057343175,60.542240942656825,28809,2565,91.82444061962134,8.175559380378658,17361,738,1719,1362,12899,16718,50.943396226415096,2.165556501071041,5.044162093958156,3.996596144253059,37.85028903430265,49.056603773584904,32,682,1894,1781,3.0,15,14801,125,33,56,44,60,4040,97,217,293,165,30,71,174,692,4411,235,73,30,138,472,87,3095,653,390,28,35,106,1158,24,331,22,251,35,553,67,38,122,94,27,1399,206,233,10,76,77,960,6,19,1158,2804,24402,742,2608,637,1104,482,2676
LGA17150,41653,139819,36993,19.066211979035543,64.00064083491634,16.93314718604811,169667,39482,81.1225489961702,18.87745100382981,151735,15190,90.90010483750187,9.099895162498129,95018,4548,13780,9654,53809,81791,53.74047701191681,2.5722672488391427,7.793720907872337,5.460129292060924,30.433405539310783,46.259522988083184,40,837,2312,1979,2.7,4,169667,92,186,72,450,335,3007,403,932,7890,352,239,887,1031,706,1108,489,129,61,840,1143,258,228,621,564,354,158,44,217,495,3258,212,108,145,1182,410,965,285,1214,180,146,126,432,599,131,765,420,262,121,5212,9316,97876,7797,41069,7692,4236,609,9717
LGA17200,14040,177223,17112,6.737852429514097,85.05002999400119,8.212117576484705,82098,99761,45.14376522470705,54.85623477529295,160015,7630,95.44871603686362,4.551283963136389,49928,3892,13725,3902,122883,144402,25.692378943035045,2.002778778366696,7.062728348685226,2.0079246642309476,63.23418926568208,74.30762105696496,32,953,2524,1926,2.0,34,82098,282,158,108,1082,468,20289,222,242,9385,409,1915,1261,713,2357,2805,5229,704,114,1943,1748,1733,3493,419,2332,137,141,211,329,538,5425,278,236,201,1820,616,1003,1211,1249,192,398,1359,6771,137,450,2685,2117,272,142,12384,26520,142564,5374,10486,2744,2998,1365,26620
LGA17310,12112,36389,11164,20.30000838012235,60.98885443727479,18.711137182602865,50479,4048,92.5761549324188,7.423845067581198,35084,7438,82.50787827477541,17.492121725224592,22636,1883,4368,3186,15473,24910,47.6086316409372,3.9603752155807004,9.186892693391663,6.700879148613974,32.543221301476464,52.39136835906281,40,633,1446,1180,2.5,3,50479,41,0,0,45,4,132,9,14,788,51,21,107,19,33,234,21,15,4,60,37,15,175,11,51,17,3,45,44,90,418,10,32,35,421,16,116,56,147,9,49,125,48,3,0,113,70,19,31,249,5137,16716,2806,14305,3932,2592,184,4888
LGA17350,1174,3461,1463,19.252213840603478,56.75631354542473,23.991472613971794,5383,287,94.93827160493828,5.061728395061729,3518,957,78.6145251396648,21.385474860335197,2582,164,416,411,1358,2349,52.36260393429325,3.32589738389779,8.4364226323261,8.335023321841412,27.540052727641452,47.63739606570675,46,546,1329,1033,2.4,0,5383,0,0,3,3,0,9,0,4,76,4,0,18,0,0,20,0,0,0,4,8,0,0,0,0,0,0,0,0,8,22,0,0,0,37,0,9,0,0,0,3,0,0,0,0,9,11,6,0,13,441,1372,288,1736,521,346,16,440
LGA17400,1039,3764,1831,15.661742538438347,56.738016279770875,27.600241181790775,5262,507,91.21164846593864,8.788351534061363,3816,979,79.58289885297185,20.417101147028156,2676,243,708,448,1518,2917,47.84552118719828,4.344716610048275,12.658680493473987,8.010012515644556,27.1410691936349,52.15447881280172,53,454,1015,767,2.1,0,5262,0,0,0,4,0,3,0,0,157,4,7,26,0,0,13,5,0,0,11,19,8,0,0,4,0,0,0,0,22,95,0,0,4,22,5,12,0,8,0,8,0,6,0,0,16,4,4,3,34,851,1649,366,1695,509,380,20,781
LGA17420,33628,102397,21231,21.384239711044412,65.11484458462634,13.500915704329246,96977,55249,63.70593722491559,36.29406277508441,109744,8890,92.50636411146888,7.493635888531112,76150,2354,6423,4558,34140,47475,61.597573306370066,1.9041456016177956,5.195551061678463,3.6869565217391305,27.615773508594536,38.402426693629934,38,827,2464,2363,3.2,363,96977,319,92,84,291,252,8067,381,639,5194,787,111,611,269,1986,5703,880,1675,174,561,1096,192,2463,778,1695,453,163,169,143,361,2281,131,684,113,2386,429,553,597,2450,132,2334,488,352,39,248,899,561,128,214,4267,5021,81324,4393,19419,3562,2347,653,4873
LGA17550,15325,52906,23142,16.77191292832675,57.901130530900815,25.32695654077244,70497,13348,84.08014789194347,15.919852108056535,57796,10312,84.85934104657309,15.140658953426911,35375,2859,9252,6111,22446,40668,46.51973225674947,3.7597148981497313,12.16680036295254,8.036242652183633,29.517509829964627,53.48026774325053,47,539,1332,1064,2.4,0,70497,0,11,5,205,24,228,28,26,4400,95,113,428,32,38,351,63,8,3,191,202,164,42,14,91,76,26,4,21,306,2530,98,16,125,467,62,524,54,311,59,29,33,168,3,13,330,35,140,64,1072,7526,28796,5182,21994,5383,3773,193,7797
LGA17620,2912,8582,2620,20.63199659912144,60.804874592603085,18.563128808275472,11559,1057,91.62175015852884,8.378249841471149,8045,1791,81.79137860919073,18.20862139080927,5625,391,974,755,3468,5588,50.16498706858111,3.487023990011594,8.686346205297422,6.7332560420939975,30.928386694015874,49.83501293141889,41,630,1589,1242,2.4,4,11559,8,0,4,7,0,39,3,3,247,3,6,33,0,3,31,4,0,0,66,14,3,9,4,11,6,0,3,5,22,184,11,3,6,84,0,31,3,37,0,7,6,6,0,0,20,35,4,11,60,1497,3681,638,3438,943,665,30,1348
LGA17640,1343,4544,1815,17.437029343027785,58.99766294468969,23.565307712282525,6433,516,92.57447114692762,7.425528853072384,4619,1010,82.05720376621069,17.942796233789306,3456,220,586,450,1637,2893,54.43376909749566,3.465112616160025,9.229799968498977,7.087730351236416,25.783587966608916,45.56623090250433,48,609,1498,1161,2.4,0,6433,0,0,0,5,0,10,3,0,179,7,5,24,4,0,3,10,0,0,13,9,0,0,5,0,5,0,0,0,12,69,0,0,4,7,4,26,0,5,0,3,4,0,3,0,24,0,12,0,42,750,2268,372,1848,514,410,16,698
LGA17650,1160,3637,1242,19.208478224871666,60.22520284815367,20.566318926974663,5137,394,92.87651419273188,7.123485807268125,3685,713,83.7880854934061,16.211914506593907,2597,164,492,295,1341,2292,53.11924728983433,3.354469216608713,10.063407649826141,6.033953773777869,27.428922069952954,46.88075271016568,46,552,1342,1058,2.4,0,5137,0,0,0,4,0,3,0,0,144,3,3,21,0,0,7,0,0,0,4,6,4,0,0,4,0,0,0,0,15,59,0,0,4,4,0,17,4,14,0,0,0,3,0,0,18,3,4,0,31,516,1918,248,1400,346,285,13,471
LGA17750,12696,40209,9475,20.35267714010901,64.4581596665598,15.189163193331195,52510,5846,89.98217835355405,10.017821646445952,39188,6550,85.67930386112205,14.320696138877956,23143,1702,3956,2725,18156,26539,46.582263193913285,3.42578801175476,7.9626424057002545,5.484883861358238,36.544422527273454,53.417736806086715,35,696,1682,1354,2.5,86,52510,82,9,0,63,21,264,21,98,826,53,31,127,28,54,651,26,83,36,82,50,19,63,13,113,10,7,138,72,104,442,22,92,38,423,26,136,29,229,25,132,36,45,0,4,100,59,23,85,706,4033,21523,3158,13184,3369,2153,213,3863
LGA17850,531,1762,798,17.178906502749918,57.00420575865416,25.816887738595923,2545,153,94.32913269088213,5.670867309117865,1767,420,80.79561042524006,19.204389574759944,1433,70,185,213,655,1123,56.0641627543036,2.7386541471048513,7.237871674491394,8.333333333333332,25.62597809076682,43.935837245696405,48,577,1329,1054,2.3,0,2545,0,0,0,0,0,6,0,0,49,0,0,8,0,0,3,0,0,0,0,0,0,0,0,3,0,0,0,3,4,30,0,0,3,3,0,5,0,0,0,0,0,0,0,0,5,0,0,0,28,394,865,133,726,238,154,6,356
LGA17900,1226,3716,1162,20.08519003931848,60.878112712975096,19.03669724770642,4715,558,89.41778873506543,10.582211264934573,3116,1001,75.68617925674035,24.313820743259658,1711,214,536,296,2127,3173,35.03276003276004,4.381654381654382,10.974610974610975,6.0606060606060606,43.55036855036855,64.96723996723996,43,464,1039,806,2.3,0,4715,0,10,0,3,0,11,24,3,81,5,0,41,4,3,22,3,0,0,4,3,0,3,0,0,3,0,0,9,11,58,5,14,3,39,3,9,0,8,29,0,0,0,4,4,9,0,0,3,103,839,1409,344,1279,483,432,53,756
LGA17950,577,1581,566,21.18208516886931,58.03964757709251,20.77826725403818,2275,120,94.98956158663883,5.010438413361169,1524,335,81.97955890263583,18.020441097364174,1090,80,139,154,691,1064,50.603528319405754,3.7140204271123487,6.453110492107707,7.149489322191272,32.07985143918292,49.396471680594246,43,649,1468,1104,2.4,0,2275,0,0,0,0,0,4,0,0,23,0,5,10,0,0,0,0,0,0,12,0,0,0,0,0,0,0,0,0,0,15,0,0,0,7,0,5,0,9,0,0,0,5,0,0,0,0,0,3,14,337,772,104,596,188,116,14,292
LGA18020,1679,5251,2450,17.899786780383796,55.98081023454158,26.119402985074625,7657,553,93.26431181485992,6.735688185140074,5184,1445,78.20184039825011,21.798159601749887,3802,320,785,628,2171,3904,49.33817804308332,4.152608357124319,10.186867376070595,8.149493900856475,28.1728523228653,50.66182195691668,49,479,1103,878,2.3,0,7657,4,0,0,10,4,3,4,0,163,3,3,39,6,3,26,3,0,0,3,8,0,7,0,10,0,0,0,0,26,64,3,3,5,26,5,19,3,18,0,3,0,4,0,0,17,4,8,0,46,1174,2254,415,2331,753,598,17,1030
LGA18050,10708,47619,8495,16.024662536290442,71.2624584717608,12.71287899194876,33569,26028,56.326660737956615,43.67333926204339,47242,2042,95.8566674782891,4.143332521710899,21449,1176,4182,2221,27077,34656,38.23010426878175,2.096069868995633,7.453881115765084,3.9586489617681133,48.26129578468942,61.76989573121825,35,1151,2917,2308,2.4,3,33569,35,17,12,332,336,710,66,131,4752,79,767,601,211,216,305,173,98,34,1024,831,306,168,82,153,60,32,16,52,181,1754,108,28,48,407,341,350,212,2816,58,54,79,208,32,70,979,104,138,78,6373,7219,40862,1529,3825,712,712,142,6786
LGA18100,618,2001,1047,16.857610474631752,54.58265139116203,28.55973813420622,3082,207,93.7062937062937,6.293706293706294,2117,557,79.16978309648466,20.830216903515332,1643,127,271,263,739,1400,53.99277029247453,4.173512980611239,8.905685179099573,8.642786723628,24.28524482418666,46.00722970752547,51,492,1193,904,2.2,0,3082,0,0,0,0,0,3,0,5,67,0,0,11,7,0,9,0,0,0,0,3,0,0,0,3,3,0,0,0,9,21,0,0,0,17,0,3,0,0,0,3,0,0,0,0,7,3,0,0,19,375,922,174,957,309,218,5,374
LGA18200,1278,4136,1381,18.807947019867548,60.868285504047094,20.323767476085358,5650,360,94.0099833610649,5.990016638935108,3688,1033,78.11904257572549,21.88095742427452,2868,198,464,315,1670,2647,52.00362647325476,3.5902085222121487,8.41341795104261,5.711695376246601,30.28105167724388,47.99637352674524,44,555,1308,1052,2.4,0,5650,0,0,0,7,0,3,3,0,95,10,0,14,0,0,8,0,0,0,0,46,0,0,0,3,3,0,0,0,9,65,5,0,5,14,3,15,3,0,5,0,0,4,0,3,9,0,6,0,25,782,1568,777,1220,508,440,22,763
LGA18230,10372,31382,8328,20.710035541711594,62.661235573659205,16.628728884629208,42080,3607,92.10497515704687,7.895024842953139,29265,5640,83.84185646755479,16.15814353244521,18254,1489,3404,2456,14091,21440,45.9867990124452,3.751196654406207,8.575603365747972,6.187333098201239,35.49906786919937,54.0132009875548,37,660,1525,1272,2.5,7,42080,67,0,8,25,8,175,7,34,527,44,19,76,28,26,371,27,27,9,43,41,9,49,27,43,8,5,9,208,66,397,28,72,15,213,14,70,21,95,9,142,23,31,10,7,67,56,10,82,265,4391,14500,2319,11447,2918,1997,133,4708
LGA18250,14406,49722,10183,19.386093579685376,66.91068617028435,13.703220250030279,36692,33849,52.015140131271174,47.984859868728826,53129,3282,94.18198578291468,5.81801421708532,32687,1167,3752,2511,19782,27212,54.57019315848345,1.9482796040000667,6.263877527170737,4.192056628658242,33.02559308168751,45.42980684151655,37,946,2671,2271,2.7,25,36692,58,19,36,250,68,7902,260,161,2739,115,192,244,146,2474,1895,666,561,42,308,470,1425,2199,272,1053,22,47,42,362,143,1381,56,130,260,897,176,222,503,668,51,157,1008,485,60,104,608,365,74,56,2385,3762,45921,1463,4034,918,1101,424,3465
LGA18350,8408,27089,12385,17.55983459337538,56.57449563510296,25.86566977152166,36901,7607,82.90869057248135,17.09130942751865,31741,4317,88.02762216429086,11.972377835709135,21034,1230,3996,2666,10549,18441,53.284357188093736,3.11589613679544,10.122862571247625,6.753641545281824,26.72324255858138,46.71564281190627,47,645,1639,1335,2.4,0,36901,19,3,11,113,28,208,34,31,2678,53,54,274,70,78,200,36,19,10,117,180,33,28,33,44,63,8,8,131,196,716,53,10,36,136,73,332,45,229,26,25,42,51,31,7,188,59,70,39,677,3374,18051,2249,10266,2355,1204,109,3356
LGA18400,10683,31375,6465,22.01636337407003,64.66005811676936,13.323578509160605,39803,5729,87.41764034085917,12.582359659140824,30288,4644,86.70559945036071,13.294400549639299,20654,1122,2805,1575,11678,17180,54.591108526721996,2.9655865094888196,7.413966273722049,4.162922239255696,30.86641645081144,45.408891473278004,37,738,2032,1871,3.0,3,39803,15,17,8,47,55,124,97,34,1845,52,26,184,63,24,65,21,15,19,147,206,9,18,115,33,166,20,3,4,134,473,60,15,25,105,40,245,28,156,40,22,12,41,22,14,107,40,66,32,622,2988,14492,2230,12439,2610,1336,114,2795
LGA18450,36555,131136,35935,17.952029701511595,64.40042037853712,17.647549919951285,147934,43917,77.10879797342729,22.891202026572703,131546,23365,84.91714597413998,15.08285402586001,77964,5105,14546,10408,59055,89114,46.66323513568513,3.0554591268748728,8.706113312345131,6.229425777181915,35.34576664791295,53.336764864314866,39,584,1710,1339,2.6,34,147934,114,307,32,375,506,3035,808,164,8092,194,206,1117,723,203,1442,307,399,438,472,2617,173,308,617,415,389,34,207,76,739,2158,184,260,100,1056,354,1455,123,566,504,303,118,591,2896,554,681,938,435,124,5978,11777,76785,8487,41941,10677,8957,1389,11918
LGA18500,8472,35665,10111,15.617165609792066,65.74435923905028,18.638475151157646,31550,17647,64.12992662154197,35.87007337845803,39540,1505,96.33329272749421,3.666707272505786,20197,897,3853,2266,18550,25566,44.13390730502808,1.9600987697484868,8.41946550706903,4.951598452898629,40.53492996525577,55.866092694971925,39,1365,3626,2687,2.3,3,31550,14,12,8,250,78,797,45,127,3476,58,384,390,173,444,243,132,118,43,388,344,154,130,66,242,27,17,14,22,135,1501,60,18,66,275,240,267,252,2052,50,77,60,126,17,52,838,104,87,88,3082,5047,34725,1150,2511,492,346,88,4669
LGA18710,3401,10120,2622,21.067955150839374,62.68971071052468,16.242334138635943,13312,1664,88.88888888888889,11.11111111111111,10380,1155,89.98699609882965,10.013003901170352,7076,369,1040,666,3594,5669,55.51981169085916,2.895253040408003,8.160062769713614,5.225578658297372,28.19929384072185,44.480188309140836,42,869,2214,1879,2.7,0,13312,3,7,0,38,7,26,25,0,578,13,4,70,14,8,23,8,0,0,43,18,8,3,9,13,5,0,0,0,64,189,10,8,29,23,10,55,12,43,3,0,0,6,0,0,70,11,15,15,157,1163,6620,701,2667,531,380,28,1168
LGA19399,185,708,173,17.354596622889307,66.41651031894934,16.22889305816135,839,86,90.7027027027027,9.297297297297296,666,100,86.94516971279373,13.054830287206268,465,20,57,45,284,406,53.38691159586681,2.2962112514351323,6.544202066590127,5.1664753157290475,32.60619977037887,46.61308840413318,41,717,1427,1270,2.5,0,839,0,0,0,0,0,0,0,0,15,3,0,3,0,3,0,0,0,0,0,0,0,0,0,0,0,0,0,0,0,22,0,0,5,0,0,0,0,0,0,0,0,0,0,0,9,0,0,0,14,131,347,83,228,52,40,0,109
LGA19499,740,9998,1556,6.01919635594599,81.32422319830812,12.656580445745893,7028,3012,70.0,30.0,6961,1216,85.12902042313807,14.870979576861929,2338,892,1548,335,6445,9220,20.228413220280324,7.717598200380689,13.393320643709986,2.8984253331026126,55.76224260252639,79.77158677971967,39,405,0,0,0.0,4,7028,21,3,10,34,25,225,10,23,501,22,69,78,10,39,140,35,20,36,45,49,12,39,33,43,12,9,7,30,48,324,14,32,16,89,18,50,13,77,9,9,74,39,5,18,82,76,19,9,398,2248,4161,614,2136,701,419,62,3369
LGA19799,36,211,160,8.845208845208845,51.842751842751845,39.31203931203931,232,142,62.03208556149733,37.967914438502675,240,66,78.43137254901961,21.568627450980394,223,11,42,30,65,148,60.1078167115903,2.964959568733154,11.320754716981133,8.086253369272237,17.52021563342318,39.892183288409704,58,540,0,0,0.0,0,232,0,0,0,0,3,20,3,0,18,0,0,0,0,5,0,0,0,0,3,7,0,3,0,0,3,0,0,0,3,18,0,0,0,3,0,3,0,0,0,0,0,0,7,0,0,13,0,0,10,36,125,25,87,34,27,4,67
