LGA_CODE_2016,Tot_P_P,Age_20_24_yr_P,Age_25_34_yr_P,Age_35_44_yr_P,Age_45_54_yr_P,Age_55_64_yr_P,Age_65_74_yr_P,Age_75_84_yr_P,P_Tot_Married,P_Tot_Never_Married,P_Tot_Divorced,Buddhism_P,Christianity_Anglican_P,Christianity_Asyrin_Apstlic_P,Christianity_Baptist_P,Christianity_Brethren_P,Christianity_Catholic_P,Christianity_Church_Christ_P,Christianity_Eastrn_Orthdox_P,Christinty_Jehvahs_Witnses_P,Christianity_Lattr_day_Snts_P,Christianity_Lutheran_P,Christianity_Orintal_Orthdx_P,Christianity_Othr_Protestnt_P,Christianity_Pentecostal_P,Christinty_Prsbytrin_Refrmd_P,Christianity_Salvation_Army_P,Christnty_Sevnth_dy_Advntst_P,Christianity_Uniting_Church_P,Christianity_Christian_nfd_P,Christianity_Othr_Christian_P,Christianity_Tot_P,Hinduism_P,Islam_P,Judaism_P,P_1_149_Tot,P_150_299_Tot,P_300_399_Tot,P_400_499_Tot,P_500_649_Tot,P_650_799_Tot,P_800_999_Tot,P_1000_1249_Tot,P_1250_1499_Tot,P_1500_1749_Tot,P_1750_1999_Tot,P_2000_2999_Tot,P_3000_more_Tot
LGA10050,51076,3508,6498,6205,6497,6372,4907,2913,18935,14408,4018,515,8647,0,533,116,13079,38,312,178,49,1073,17,104,523,1825,140,204,2139,1073,32,30077,835,242,27,1701,3030,3810,3971,3660,3643,3952,3551,2332,1811,1146,1363,673
LGA10130,29449,2793,3464,3100,3657,3552,2747,1595,10341,9714,1872,313,6726,0,309,141,5947,55,82,77,53,70,3,67,244,1330,165,185,912,575,33,16955,283,463,17,1105,2303,2186,2217,2127,2154,1809,1756,1051,898,613,888,395
LGA10250,41790,1571,3581,4669,5759,6434,5503,3203,17046,10027,3849,313,7966,0,507,3,9168,26,105,238,59,114,5,131,519,1775,90,220,1809,920,63,23709,95,48,49,1393,2351,3720,3774,3474,3253,2964,2663,1541,1312,966,1114,719
LGA10300,2287,132,233,276,290,377,202,131,897,608,132,16,341,0,4,0,810,5,0,3,0,15,0,5,11,156,0,0,68,58,0,1486,10,7,0,44,101,163,157,159,171,187,150,82,46,23,52,28
LGA10470,41300,3148,5171,4878,5238,4991,3862,2019,14936,12365,2885,307,7893,0,524,166,12833,43,147,126,61,79,14,148,260,1723,115,69,1512,631,15,26367,202,183,14,1315,2422,2761,2961,2712,2675,2776,2645,1843,1565,1150,1372,499
LGA10550,33253,1189,2482,3120,4648,6154,5060,2546,13807,7808,3296,342,7277,0,361,3,5949,16,98,212,58,111,3,82,82,950,80,111,1245,649,35,17322,55,26,27,1228,2389,3360,3238,2736,2497,2393,2072,1199,851,582,602,307
LGA10600,12668,396,953,1324,1824,2240,1718,924,4698,3228,1402,210,2392,0,65,0,1859,7,10,26,0,18,0,36,143,345,21,28,636,268,28,5897,25,16,31,441,898,1241,1314,1085,934,815,701,404,303,246,254,110
LGA10650,8462,331,747,843,936,1304,1370,739,3679,1772,690,19,1626,0,23,0,2239,0,20,21,101,36,0,17,52,547,12,0,628,130,8,5464,23,13,3,271,584,895,771,696,571,561,477,272,208,139,150,88
LGA10750,336962,22830,52249,51402,42063,33702,21536,9674,136045,87055,17266,5731,35864,171,4499,106,98278,946,6025,1186,2344,458,3648,3124,7563,5987,501,1827,6278,10681,375,189864,28781,22645,151,10676,17769,20500,18413,17261,20533,24752,25290,16708,12848,8654,11173,3481
LGA10800,5955,267,588,680,709,866,626,442,2544,1300,326,21,1484,0,33,0,1545,3,8,34,3,86,3,32,22,406,28,6,391,214,0,4303,16,4,0,155,331,479,461,440,342,371,338,210,183,108,154,107
LGA10850,7257,324,707,861,1029,1014,759,426,2904,1728,557,26,1750,0,106,0,2066,0,11,10,3,16,0,42,62,315,9,16,490,138,3,5056,5,9,0,250,427,574,554,444,475,487,475,264,269,194,244,101
LGA10900,76904,3631,6985,9687,10982,11758,9280,4107,30869,19978,6607,1018,13094,6,2055,227,15171,87,553,291,172,251,33,284,874,2098,171,157,2229,2265,118,40131,218,187,156,2842,4093,5000,5814,5198,4747,5051,5126,3781,3462,2790,3840,1570
LGA10950,2692,155,317,296,394,280,284,187,993,742,138,9,683,0,25,0,943,0,3,5,0,13,0,9,6,66,4,3,232,36,0,2024,3,22,0,59,153,191,216,153,132,167,177,108,106,68,84,57
LGA11100,46654,3793,8770,7156,5846,4430,3269,2052,17403,15508,2967,1813,3618,217,352,4,13851,13,3319,74,143,49,239,192,566,709,25,43,570,1113,25,25124,1003,3016,740,1226,2259,2972,2849,2538,2800,3319,3512,2546,2037,1509,2250,992
LGA11150,2634,159,369,294,401,309,209,110,767,930,127,10,467,0,28,0,964,0,7,14,0,3,4,3,30,96,3,0,52,67,3,1733,14,6,0,39,141,139,137,111,151,176,157,97,89,66,67,26
LGA11200,1651,123,231,155,270,216,110,45,323,778,68,3,346,0,6,20,436,0,4,0,0,3,0,9,6,27,0,7,24,37,0,918,6,0,0,41,169,180,128,68,93,80,65,43,40,24,29,6
LGA11250,17708,962,2114,1861,2356,2663,2049,1219,6089,5202,1612,90,2176,0,197,0,4099,30,54,28,49,168,11,166,81,178,190,30,1636,293,5,9402,45,40,8,498,1302,1807,1688,1208,1069,942,975,657,542,477,605,182
LGA11300,36809,4403,7860,4385,4337,3615,2484,1798,14564,13319,1969,2491,1650,8,355,6,9072,32,1557,82,29,34,152,94,217,1018,50,23,522,700,21,15626,2769,579,22,1263,2078,2674,2553,2200,2168,2479,2521,1595,1299,973,1581,846
LGA11350,31556,1194,3390,4381,4879,5482,3371,1270,9753,10435,3801,794,3074,0,121,0,3952,4,112,85,9,57,0,53,218,689,18,85,887,424,18,9791,77,42,287,985,1759,2476,2810,2621,2314,2193,1874,1112,835,566,761,601
LGA11400,13386,513,1193,1555,1887,1782,1559,792,5901,2787,800,66,3565,0,307,80,3739,9,13,7,8,26,0,82,121,407,30,22,1039,291,4,9733,0,10,3,412,668,1045,985,879,889,860,823,522,479,312,464,261
LGA11450,78218,4846,11903,11954,9839,7377,4977,2292,32954,18190,4170,876,16729,176,979,105,26876,66,1550,295,250,212,207,280,1036,1312,146,207,1855,1844,106,54231,961,1557,46,2363,3140,3885,3688,3983,4498,5365,6224,4670,3932,2907,3803,1325
LGA11500,157006,11451,23307,21097,19566,18553,12079,4780,58312,44034,10364,4041,23828,62,2401,232,41741,137,2726,771,1612,334,950,1051,2592,3030,290,788,2765,4438,234,89979,7033,12434,67,5061,9041,10817,9793,9208,10608,12221,11667,7455,5492,3292,3781,1132
LGA11520,88015,6281,16685,13340,11236,9267,6867,4023,37469,25900,5266,2729,6915,37,691,7,29810,29,3681,211,65,155,418,239,591,2458,42,86,1521,1296,48,48294,2546,1439,189,2459,3686,4474,4325,4086,4210,5245,6244,4731,4616,3513,6513,5341
LGA11570,346302,24494,53063,46854,43804,36941,24897,15862,141340,87696,21802,21215,19580,113,3887,23,81073,238,30724,817,678,421,2574,1390,2679,4689,435,542,4363,7448,330,161996,6578,71894,171,11796,24144,27951,24011,20481,20787,22090,21325,13338,9913,6594,8597,3490
LGA11600,2719,155,362,328,397,382,204,135,1088,751,129,10,607,0,47,0,759,0,4,3,0,17,0,3,12,111,6,4,259,55,0,1898,32,0,3,76,112,193,215,183,193,214,214,136,82,44,61,52
LGA11650,327736,18174,35278,39376,43630,42364,36591,21691,123900,84675,29266,3179,73814,26,5621,239,81002,429,2148,1354,769,753,201,3079,3467,8656,893,1419,10510,7043,355,201779,1158,1030,356,11137,18916,27707,27871,23588,22112,22635,21490,13717,11450,7987,10253,4942
LGA11700,1833,108,249,201,249,268,197,73,495,728,126,3,257,0,4,0,538,3,0,3,0,12,4,8,6,34,3,4,82,18,0,984,3,0,0,37,175,144,160,90,88,88,80,44,36,32,29,25
LGA11720,55560,3443,7149,6867,6988,7177,5519,2538,19658,15498,4457,318,14714,0,626,3,11209,26,117,189,174,66,4,306,409,1968,301,233,2992,947,29,34333,125,68,19,1705,3611,5122,4694,3611,3546,3343,3129,1870,1468,1056,1754,693
LGA11730,50671,2047,4148,5145,6710,8345,7399,3989,19967,12474,4794,361,13037,0,669,5,10133,4,78,338,80,117,8,137,281,3036,248,133,1859,939,21,31119,69,43,13,1684,4047,6181,5425,4045,3685,3123,2471,1363,1093,738,792,397
LGA11750,4647,257,708,588,586,591,350,212,1656,1303,306,15,840,0,100,0,1567,0,3,13,0,11,0,7,13,108,5,6,292,64,14,3054,15,30,0,118,210,293,285,226,229,222,236,165,199,149,316,124
LGA11800,72944,3688,7649,8219,9633,10689,8512,4793,27894,18379,6815,764,14147,0,1243,10,14133,54,190,470,99,194,28,260,1161,2710,192,226,2366,1871,84,39446,228,466,50,2400,4846,6758,6346,5637,5557,5320,4313,2694,1981,1401,1578,795
LGA12000,4315,200,354,457,594,554,550,344,1842,935,250,22,879,0,57,0,1361,3,4,9,5,23,0,13,33,166,4,5,374,97,3,3035,3,5,0,139,255,372,292,264,269,294,287,134,137,95,92,80
LGA12150,3918,215,440,378,568,546,439,239,1293,1250,224,14,1254,0,11,0,1053,0,4,13,0,9,3,5,7,201,0,3,102,23,0,2698,11,8,0,90,253,386,301,259,249,217,189,130,85,48,50,56
LGA12350,12460,655,1071,1261,1663,1812,1673,996,4884,3138,1034,58,3258,0,170,154,3612,0,37,117,52,22,0,26,72,622,43,12,518,268,14,8995,14,3,3,362,889,1392,1212,949,996,829,663,371,297,196,196,130
LGA12380,216079,17158,42160,30455,24715,20582,13403,7431,91536,55455,11355,9290,9889,162,2216,62,51846,127,5544,447,449,132,880,771,2012,3176,206,450,2898,4592,288,86135,22025,47286,52,7276,15116,16194,14295,12276,13234,14748,13570,8407,6196,3971,5078,1683
LGA12700,8975,373,815,1000,1320,1447,1058,559,3953,2024,705,61,2755,0,209,0,1615,3,14,3,4,17,0,50,36,462,17,19,523,131,3,5866,8,4,0,327,569,743,738,656,569,568,558,341,274,227,289,162
LGA12730,8851,477,865,977,1119,1362,1010,671,3420,2299,714,28,1533,0,127,0,2136,5,32,36,5,34,0,12,17,401,26,0,856,137,0,5359,20,6,5,270,547,758,719,635,644,656,582,324,266,150,213,97
LGA12750,37232,1278,2615,3405,4667,6778,6609,3382,15911,8224,3893,322,8337,0,345,0,7989,17,191,254,43,174,9,97,236,1191,108,57,1239,638,26,20946,71,46,26,1251,2661,4318,3883,3281,2901,2595,2136,1200,780,536,613,360
LGA12850,198817,15335,27090,24772,27133,24942,15253,8601,77345,54579,13775,41136,7355,7485,2488,7,61408,58,7763,707,949,209,1242,815,1594,1103,122,622,1318,7198,144,102580,1473,11797,21,7489,18020,20315,15278,11532,12309,12933,11282,6580,4407,2560,2767,1050
LGA12870,12277,518,985,1198,1542,1883,1875,1093,5356,2653,950,63,2474,0,149,3,3292,3,19,23,7,100,0,20,50,857,15,13,693,141,10,7874,26,20,0,357,758,1218,1127,978,806,902,818,491,336,194,213,103
LGA12900,9587,481,1001,984,1236,1221,1122,710,3723,2418,615,25,2372,0,180,6,3293,0,21,14,0,35,0,14,73,387,37,5,461,111,3,7030,13,18,4,284,522,837,819,688,711,640,577,329,268,162,201,94
LGA12930,146841,11199,24425,19243,19255,16677,11582,7179,64949,39732,8286,7033,12749,13,2599,11,31319,107,14710,368,261,159,1660,806,1120,2471,227,136,2458,3620,206,74996,6700,5636,210,5299,7872,9545,9038,8666,9029,10293,10484,7030,5887,4152,6280,3636
LGA12950,4236,216,410,428,552,607,511,354,1716,1081,258,10,1122,0,37,0,989,3,9,28,4,58,0,26,115,427,3,5,232,63,8,3131,3,4,0,126,277,422,365,342,303,288,215,133,103,84,63,50
LGA13010,8836,386,809,929,1072,1368,1297,706,3429,2196,790,38,2618,0,130,0,1772,3,14,43,11,17,0,12,73,361,58,40,457,178,3,5794,31,24,7,290,714,948,953,671,633,538,424,206,161,102,129,60
LGA13310,29609,1669,3567,3518,4040,3954,3250,1760,11235,8160,2278,223,7577,0,365,127,8262,6,204,86,36,64,18,53,125,657,92,88,1199,453,32,19432,120,113,9,931,1661,2278,2328,2052,2063,2031,1995,1204,1034,756,898,306
LGA13340,10351,399,887,1084,1429,1573,1241,558,4487,2137,726,37,2005,0,129,0,2258,5,23,18,14,946,4,25,258,514,22,25,650,275,3,7173,5,13,7,354,574,811,776,775,670,763,668,433,295,207,207,146
LGA13450,25641,1537,3518,3097,3323,3035,2050,1418,10515,6559,1206,122,3344,0,179,71,10125,0,40,87,102,96,20,149,255,723,62,226,1384,371,15,17252,492,509,7,784,1282,1633,1612,1647,2024,2181,1697,1023,757,491,592,318
LGA13510,11141,482,972,1174,1377,1636,1514,969,4681,2594,822,27,3477,0,116,0,3513,3,21,30,0,27,0,16,26,365,26,15,559,174,5,8376,19,5,6,328,698,1180,1067,883,801,809,646,354,247,193,226,150
LGA13550,12215,664,1520,1376,1532,1573,1192,801,4664,3133,744,40,3623,0,154,0,3204,0,22,15,5,48,0,13,70,600,67,38,459,171,3,8483,14,22,3,358,710,979,1001,796,778,822,686,475,385,299,467,247
LGA13660,5258,229,440,520,737,739,773,441,2261,1106,384,17,2028,0,25,0,1073,4,5,0,0,26,0,11,14,338,22,13,207,75,5,3830,7,0,3,134,381,564,490,362,344,357,292,154,87,79,80,51
LGA13800,64592,4387,8030,8115,9554,7833,5571,2640,25506,17375,4723,405,15877,7,1165,198,17768,87,631,276,169,153,11,161,839,1478,133,128,2155,1291,55,42579,103,206,59,2067,3203,3835,3973,4031,4161,4739,5038,3478,2922,1984,2532,998
LGA13850,2946,150,297,277,461,424,358,233,1212,766,189,6,732,0,24,0,946,0,18,0,0,7,4,5,22,173,0,0,105,15,0,2040,12,6,0,91,169,237,238,201,203,203,194,116,78,46,67,36
LGA13910,18498,899,1683,2018,2439,2535,2396,1254,7340,4499,1335,72,4795,0,165,109,6372,0,66,61,3,57,0,28,34,622,67,49,846,275,11,13557,26,276,5,605,1173,1797,1720,1432,1390,1324,1026,545,454,299,357,222
LGA14000,142667,8372,14697,20695,21080,17202,12158,7073,67497,32046,7197,4346,22070,11,3406,117,30595,207,1426,251,250,432,376,764,1774,3931,159,883,5641,3405,164,75853,6515,2076,370,5931,6546,6881,7119,7294,7295,8269,9215,7192,6679,5321,10189,6918
LGA14100,13999,686,1134,1699,2004,1640,1425,856,5989,3511,844,233,1968,0,55,0,4972,5,540,17,4,40,59,40,102,290,5,27,290,141,18,8570,103,111,311,436,501,576,561,595,527,587,735,590,615,471,938,1701
LGA14170,182043,12739,36902,31754,25239,18512,12191,6838,59652,71944,12902,6565,12988,32,983,11,40730,62,7696,295,109,357,339,496,769,2345,136,165,2231,2364,114,72208,4407,2534,769,4459,7623,9352,9901,8749,9177,11343,13316,10671,9935,7651,14388,11563
LGA14200,16483,898,1710,1754,2064,2192,1921,1165,6250,4282,1128,68,4693,0,94,0,3532,26,15,81,14,21,3,16,137,1084,214,62,810,446,34,11288,12,14,4,507,1209,1655,1502,1177,1246,1185,900,441,324,257,233,134
LGA14300,6295,400,870,851,840,862,624,279,2410,1856,411,18,1321,0,87,0,1757,3,3,5,7,23,0,8,15,235,14,8,234,70,0,3797,9,6,3,121,315,481,440,379,412,394,324,216,160,84,133,61
LGA14350,28885,1336,2675,2892,3719,4723,4042,1997,10488,7762,2682,205,6390,0,221,0,6365,14,53,198,32,45,0,70,270,803,170,535,1701,418,7,17305,34,32,3,943,2184,3387,3045,2219,2056,1652,1418,700,458,362,354,198
LGA14400,21464,1058,1853,2350,2828,3466,2846,1498,10228,4528,1511,178,4689,0,247,0,5251,12,153,102,8,65,5,54,109,649,23,22,1210,435,10,13048,33,28,23,816,1160,1496,1549,1589,1314,1384,1456,1054,952,702,1069,542
LGA14500,118053,6638,9662,15085,18515,13543,10518,6907,57718,25201,4600,3113,22251,3,1248,16,22353,75,1244,82,92,359,361,503,1065,3467,77,426,5578,2257,122,61577,2194,856,3161,5176,4671,4206,4385,4935,4696,5715,6525,5186,5078,4103,8840,12942
LGA14550,8940,329,633,855,1358,1747,1217,594,3401,2294,940,116,1505,0,55,4,1624,4,14,68,4,16,0,30,137,477,29,53,634,227,25,4909,28,6,11,328,745,1080,1020,697,613,510,431,205,167,95,117,74
LGA14600,6194,346,738,654,708,814,651,447,2319,1630,362,22,1458,0,28,165,1578,0,20,12,3,18,6,18,73,354,6,20,407,170,3,4337,25,3,0,132,379,548,480,456,379,399,354,188,157,99,114,85
LGA14650,197371,10893,21737,23628,26085,26105,22286,12635,80629,48981,15397,1593,42017,0,4432,141,41064,119,1432,816,421,468,44,837,2643,5835,957,3531,11681,4791,471,121703,655,494,86,6939,11664,17222,16807,13953,12961,13275,13546,8505,7287,5179,7096,3371
LGA14700,36051,2015,6278,5876,4673,3682,2708,1453,15273,10214,2089,975,4689,0,212,5,9708,37,671,32,6,120,180,127,252,703,14,32,770,540,20,18102,1117,455,369,1082,1102,1178,1328,1347,1446,1916,2457,2090,1939,1631,3312,3742
LGA14750,11168,584,1197,1224,1481,1409,1074,708,4284,3022,632,36,2199,0,60,146,3948,0,12,34,11,80,6,28,121,690,34,26,449,114,3,7949,33,65,0,361,619,870,760,699,837,876,740,427,294,228,218,88
LGA14850,43135,2444,4395,5124,6124,6691,4429,2270,14546,13383,4080,564,6301,0,382,0,9085,36,66,192,72,87,4,106,417,2023,109,294,2046,1032,208,22473,104,110,23,1554,3132,3736,4134,3436,3300,3252,2626,1439,1093,723,820,364
LGA14870,21090,1100,2256,2345,2865,3091,2751,1382,7938,5784,1879,146,4347,0,295,145,5073,6,72,104,34,28,8,88,109,878,75,53,1300,357,14,12978,62,57,14,636,1429,2023,2032,1383,1231,1223,1133,718,527,394,652,322
LGA14900,204326,14554,29760,29691,27132,20680,12609,6433,81921,51704,11333,11268,15046,1908,2501,14,58522,143,11995,826,887,247,2171,899,3031,2059,199,541,1794,6694,291,109767,10090,24550,32,6703,12872,14161,11863,10561,12007,13700,13811,9012,6862,4574,5260,1979
LGA14920,7687,335,773,820,1005,1188,976,543,3005,1895,611,17,2782,0,40,0,1711,0,3,37,7,14,0,9,71,225,14,11,349,122,17,5414,6,13,0,203,498,759,684,547,512,518,432,242,205,133,158,105
LGA14950,3119,115,253,304,429,484,372,231,1394,616,193,10,523,0,21,0,912,0,0,0,0,131,0,3,23,230,4,6,317,41,0,2218,0,0,0,81,194,285,244,227,198,229,196,105,92,51,78,39
LGA15050,77305,4808,10574,10183,9977,8843,6554,3253,29543,20095,5460,483,18660,0,1427,169,20590,90,215,199,213,133,17,413,666,2369,384,208,3788,1684,36,51272,356,287,29,2690,4527,5894,5446,4853,4896,5314,4996,3355,2846,2087,3137,1266
LGA15240,90303,3453,6705,8264,11361,14612,15411,8365,37812,19914,8908,665,25839,3,1921,17,17224,158,208,530,214,175,33,366,543,3484,470,270,4886,1945,59,58344,154,104,47,3031,7214,11337,9975,7653,6508,5545,4484,2547,1781,1294,1393,816
LGA15270,24076,1105,2677,2756,3410,3164,2823,1425,9272,5953,1857,137,6591,0,249,0,6050,4,69,106,31,45,3,53,235,907,55,28,825,370,9,15615,40,14,3,768,1563,2107,2001,1517,1440,1327,1207,731,601,525,997,476
LGA15300,13159,769,1640,1642,1823,1606,1224,631,4478,4075,707,47,3650,0,144,5,3657,6,31,48,4,74,0,20,143,544,97,63,386,235,13,9118,66,23,0,329,808,876,765,742,826,889,859,549,427,259,309,256
LGA15350,28475,1280,3407,4088,4273,3390,3000,1542,12196,7483,2070,406,5712,0,111,4,6801,5,500,23,12,122,46,87,160,727,10,11,540,365,19,15264,288,106,234,829,807,803,910,907,1048,1308,1600,1376,1458,1075,2446,4556
LGA15520,11680,434,1089,1112,1496,1822,1784,994,5340,2408,847,53,2250,0,118,0,2779,37,20,15,8,64,3,24,34,440,27,9,1086,181,4,7092,19,13,0,378,743,1134,1032,948,808,849,753,432,271,221,228,144
LGA15560,3836,174,436,448,542,535,373,220,1511,1000,226,9,859,0,13,0,1113,8,4,0,0,12,0,11,21,169,7,15,329,49,0,2596,18,11,0,86,184,296,254,266,271,301,308,150,119,70,68,53
LGA15650,16086,975,2272,2077,2267,1801,1265,617,5619,4524,1082,79,4813,0,199,0,3946,4,24,66,20,16,7,38,71,442,27,45,499,279,17,10508,53,43,12,524,917,1054,1001,955,910,901,813,594,514,430,959,317
LGA15700,19212,758,1449,1740,2449,3321,3015,1582,7201,4785,2037,191,4168,0,140,0,3716,9,33,211,30,42,0,44,159,929,183,157,772,432,19,11046,24,17,17,626,1569,2445,2245,1512,1344,1144,917,497,360,254,257,135
LGA15750,13084,648,1491,1529,1759,1785,1308,742,5153,3304,767,49,4209,0,56,0,3067,3,11,16,25,28,0,21,171,595,53,30,402,241,5,8929,31,24,0,373,781,886,954,850,841,858,814,533,418,301,364,200
LGA15800,5853,298,547,643,734,853,706,390,2270,1478,354,19,1401,0,28,0,1535,3,7,35,12,26,0,12,91,202,12,6,489,89,3,3956,5,14,0,130,342,500,513,454,428,382,359,205,175,84,85,50
LGA15850,6444,326,659,667,790,891,767,425,2425,1597,415,15,1702,0,76,0,1800,0,3,3,6,12,0,6,40,251,10,92,557,102,0,4655,7,11,0,175,362,524,501,449,451,404,387,233,183,140,127,68
LGA15900,155411,13701,23898,20042,19751,18200,12906,7666,52535,52634,12317,1878,26349,0,2661,56,34569,101,2632,292,218,253,98,794,1562,3855,591,437,6516,3986,137,85110,1066,1877,94,5216,9924,11970,11906,10202,9827,10538,10854,7581,6496,4561,6831,3645
LGA15950,67658,3440,16352,12322,8222,7184,5927,2680,24796,25097,5722,1855,8763,11,378,0,14448,41,819,76,36,207,100,207,382,1245,16,55,1285,965,56,29078,1551,471,648,1360,1644,1835,2239,2455,2646,3468,4935,4500,4635,3770,8049,8363
LGA15990,252878,12554,29575,38197,37397,28419,22440,13078,106938,63873,16897,3701,45097,12,2086,5,61300,90,3636,636,301,881,1093,971,2715,5543,224,193,6858,4772,148,136566,1651,1095,820,8488,9630,10960,12437,13239,13552,15653,17628,13344,12240,8856,16834,18327
LGA16100,5301,318,487,560,757,725,768,298,2152,1386,402,25,990,0,38,0,1691,0,30,3,7,27,0,10,25,139,0,41,241,89,7,3342,3,16,0,163,330,409,384,325,334,377,347,227,180,122,124,56
LGA16150,40344,2312,5362,5109,4991,4646,3626,2208,14729,11019,2929,235,8276,0,471,256,12060,42,166,98,40,88,24,414,459,1040,101,90,2581,1010,18,27237,271,148,12,1239,2186,2922,2871,2553,2652,2688,2699,1778,1531,1181,1557,672
LGA16200,14608,819,1539,1563,1899,1947,1511,951,5519,3805,1008,57,3708,0,399,56,3990,0,8,13,11,83,25,30,224,647,41,38,1012,292,7,10587,32,30,0,505,961,1251,1162,988,912,890,809,562,418,335,399,147
LGA16260,226149,14861,45775,35846,26638,22372,15054,8595,102178,58078,12182,8655,18713,68,4361,475,47124,340,3715,368,523,333,1128,1403,2566,7786,262,393,5584,5092,162,100380,25605,9660,181,7518,11053,12136,11711,11165,11933,14402,16430,11989,10609,7932,12176,4954
LGA16350,196066,14119,30298,27454,24736,22221,14463,6132,73222,55852,13196,2117,36105,155,1936,381,62884,245,3242,578,866,513,972,975,2901,4391,408,485,3936,4546,186,125696,3476,4208,84,5860,9478,11929,11673,10957,12400,15113,16142,10781,8465,5619,6531,2176
LGA16380,78539,3090,6634,8102,10149,11262,11782,7001,33055,17043,7507,544,19327,5,913,3,18106,60,210,344,112,231,25,303,832,2863,337,525,3757,2035,47,50026,205,77,56,2532,5043,8448,7631,6383,5687,5263,4583,2756,2156,1565,1779,983
LGA16400,69556,3531,6687,7841,9249,9673,9484,4798,28967,16181,6055,510,17328,5,1496,20,15059,71,315,214,119,178,14,299,928,2294,271,153,3403,1533,32,43747,103,101,34,2350,4324,6376,5986,5136,4624,4457,4412,2752,2334,1484,2028,919
LGA16490,56027,3237,7666,7892,8956,6973,4267,1867,22650,15205,4021,477,9171,0,441,161,15078,27,1442,121,83,315,19,203,425,1172,111,72,1460,1315,35,31666,679,641,39,1663,2123,2561,2675,2581,3120,3831,4357,3570,3245,2188,4018,1787
LGA16550,140660,14983,26573,20992,17002,13097,9758,5967,46039,57826,8165,3846,12465,101,774,4,37223,30,7635,171,105,294,322,444,994,2173,33,67,1278,1926,52,66090,1388,2318,5051,4181,6075,6765,7143,6777,6435,7817,9651,7645,7173,5420,9286,7844
LGA16610,22807,1116,1984,2470,2939,3304,2808,1676,8242,6002,2055,112,5076,0,298,8,5772,3,28,113,10,47,0,33,271,1372,97,63,1148,463,131,14932,28,17,3,650,1627,2619,2282,1767,1773,1604,1234,606,407,276,249,137
LGA16650,109404,8086,21905,15753,13115,10903,8389,5545,45407,31883,7040,4404,6485,35,719,14,22906,102,16249,223,152,141,1534,450,765,1246,206,119,1133,3211,66,55751,5532,10597,174,3159,5630,7477,7408,6578,6974,8244,8270,5448,4458,2959,4392,1981
LGA16700,116302,9595,21178,17161,14453,12214,8314,5306,49638,34928,6117,4739,10059,22,2099,99,29370,89,2857,201,114,232,1725,585,1201,3921,90,197,2358,2880,78,58184,4471,2740,370,4063,5879,6282,6286,5953,6081,7161,8608,6211,5585,4234,7075,4267
LGA16900,68460,4276,8009,8611,9242,8509,6531,3579,27394,17455,4948,520,14084,0,573,7,19141,72,2421,444,111,385,54,149,678,1658,192,75,2300,2011,39,44396,139,642,12,2380,4107,6248,5314,4665,4488,4447,4347,2796,2360,1738,2271,726
LGA16950,99650,4622,9309,10088,12305,15353,14975,8210,41214,23603,9017,911,24033,0,1557,9,20198,140,615,532,149,305,18,283,870,3428,288,104,3622,2174,67,58394,216,181,87,3302,7094,11007,9728,7970,6972,6150,5621,3337,2652,1858,2086,1073
LGA17000,22987,1472,2904,3062,3336,2749,1741,839,9169,6077,1445,132,6745,0,311,133,5680,3,25,50,24,40,12,107,143,530,33,53,1055,403,60,15419,40,55,9,810,1208,1454,1375,1290,1360,1256,1240,876,818,720,1563,656
LGA17040,20218,1078,2236,2460,3039,2896,2274,1144,7900,5666,1592,184,4115,0,340,0,4774,7,138,66,14,152,5,29,107,534,44,29,554,323,5,11251,14,65,14,624,1071,1484,1463,1511,1530,1593,1420,932,717,491,623,312
LGA17080,14395,658,1442,1627,1933,2161,1781,987,5884,3566,1040,66,4218,0,150,0,3763,0,20,71,3,58,7,27,122,501,29,67,451,254,9,9762,24,18,6,442,871,1259,1171,1026,935,875,926,563,489,295,378,147
LGA17100,40312,3854,9302,5278,4676,3912,2355,1521,17361,12899,1719,2280,1559,16,382,19,9258,22,1287,68,15,32,287,164,289,1375,18,96,774,797,49,16516,6598,1968,36,1259,1977,2287,2122,2161,2285,2627,3024,2100,1795,1184,1811,1274
LGA17150,218464,12714,26241,30160,30298,27277,19990,11056,95018,53809,13780,2361,45165,6,3924,166,63885,356,9226,317,287,562,857,855,1918,5032,548,140,6956,4276,208,144686,1211,1528,279,7738,9372,11377,12403,12331,12674,14360,16372,12301,11630,8459,13642,8578
LGA17200,208374,28589,68867,33856,21469,16072,10462,4860,49928,122883,13725,14672,12093,21,1169,3,32089,27,4053,160,136,409,169,628,1550,2305,66,152,2018,3287,112,60441,2878,2863,1990,4244,8241,10390,10710,9727,9644,12275,15209,12427,12210,9090,17782,14145
LGA17310,59663,3195,7190,6927,7626,7694,6161,3566,22636,15473,4368,304,17909,0,651,157,14586,26,87,241,61,92,19,140,716,2480,244,140,2614,1098,35,41281,230,161,8,1794,3307,4804,4620,4094,4399,4714,4103,2315,1795,1269,1566,653
LGA17350,6110,240,568,591,820,857,783,470,2582,1358,416,15,1658,0,128,0,1747,0,16,22,0,322,5,8,39,348,23,17,365,71,0,4768,3,0,0,164,357,626,603,499,463,435,354,176,159,132,113,67
LGA17400,6628,211,431,664,822,1299,1137,518,2676,1518,708,41,1514,0,58,0,1358,0,12,60,5,27,0,13,48,326,44,30,343,185,14,4039,3,3,0,256,601,802,713,461,454,377,291,158,106,75,100,42
LGA17420,157243,9709,16505,23631,22686,18615,13582,5649,76150,34140,6423,4570,23487,40,2787,458,45378,176,2977,309,511,402,940,928,4055,4096,183,771,4600,3610,160,95866,7066,4044,195,6172,6980,7134,6772,7753,7736,8804,10486,8157,7838,5995,11169,7575
LGA17550,91371,3929,8219,10268,11917,13583,12026,7535,35375,22446,9252,1046,17981,0,848,5,20388,150,292,774,110,305,24,257,1100,3524,208,677,3207,2192,61,52100,616,107,90,3049,5825,9277,9008,7573,6418,6169,5594,3180,2490,1672,1853,1027
LGA17620,14112,650,1668,1756,1855,1849,1435,833,5625,3468,974,75,4950,0,110,0,3657,3,9,52,5,17,0,21,16,393,38,17,626,157,4,10069,38,43,3,424,750,1071,1099,869,939,936,819,462,413,312,660,270
LGA17640,7695,297,631,777,1189,1212,1072,559,3456,1637,586,29,2203,0,51,0,2389,0,31,3,12,24,0,12,19,189,20,17,427,75,5,5476,3,15,4,221,480,613,624,571,516,526,498,299,277,172,232,128
LGA17650,6048,237,470,683,892,985,787,337,2597,1341,492,34,1761,0,66,0,1239,8,7,57,6,15,0,12,22,291,41,9,279,92,13,3917,0,10,7,194,421,604,516,466,418,433,364,206,184,127,127,53
LGA17750,62385,4960,8609,7532,7551,7210,5124,2979,23143,18156,3956,359,12136,0,801,189,19110,85,165,163,73,703,160,248,611,3085,145,147,2814,1147,23,41818,432,552,18,2059,3408,4017,4165,4320,4550,4976,4624,3091,2327,1734,1935,901
LGA17850,3092,135,276,313,415,464,469,233,1433,655,185,4,1054,0,12,0,597,0,0,45,0,5,0,4,4,304,3,10,37,27,0,2103,3,0,0,111,193,270,240,235,208,198,198,105,88,62,64,46
LGA17900,6107,310,725,676,815,926,738,347,1711,2127,536,15,1667,0,30,0,1416,3,61,16,25,24,3,10,7,203,13,20,95,89,0,3693,31,33,0,160,573,620,576,382,337,308,287,161,115,93,99,67
LGA17950,2732,121,292,296,365,375,329,177,1090,691,139,9,755,0,10,0,963,4,0,0,0,3,0,6,11,230,4,3,79,17,0,2086,0,0,0,69,159,211,192,159,177,197,189,112,76,60,54,46
LGA18020,9384,390,749,900,1263,1461,1354,791,3802,2171,785,31,2878,0,41,0,2049,3,19,42,12,20,0,22,30,515,15,63,302,128,13,6149,18,10,0,288,707,977,889,684,597,526,441,214,186,146,171,101
LGA18050,66812,3669,15751,11890,8188,5670,4371,2611,21449,27077,4182,865,5312,5,115,0,13292,16,1528,61,26,138,39,160,172,706,11,29,525,630,25,22796,250,256,10076,1431,1869,2342,2661,2657,3052,3799,4595,3810,3758,2792,5662,6572
LGA18100,3664,114,260,381,479,583,590,309,1643,739,271,9,977,0,10,0,882,0,3,3,6,5,0,5,60,250,35,3,293,38,3,2578,12,0,0,105,238,452,392,259,244,238,216,106,89,54,56,49
LGA18200,6794,324,679,744,947,1045,856,390,2868,1670,464,21,1042,0,33,0,1400,18,19,22,6,81,0,10,31,191,21,55,430,132,4,3499,4,14,0,217,475,616,525,471,427,450,389,235,173,158,130,98
LGA18230,50077,3131,6701,5889,6350,6185,4576,2671,18254,14091,3404,318,11773,3,922,3,14520,42,165,106,26,185,40,107,483,1954,206,129,2599,987,11,34259,453,240,23,1463,2614,3765,3488,3362,3606,3662,3347,2011,1681,1249,1472,611
LGA18250,74302,4472,11319,12373,10050,7522,5430,3022,32687,19782,3752,3228,8529,0,678,6,16013,56,1088,40,27,197,720,295,531,1879,20,37,1533,1371,38,33055,2091,856,734,2433,2809,2971,2954,3001,3188,3772,4394,3534,3480,2742,5698,7130
LGA18350,47882,1896,3972,5071,6470,6643,7096,3861,21034,10549,3996,445,12270,0,508,165,10662,52,357,271,55,135,14,104,344,1479,60,86,1854,1188,103,29698,309,84,118,1701,2424,3661,3611,3448,3245,3337,3189,1966,1724,1289,1777,1280
LGA18400,48519,2902,5706,6573,6769,6014,4005,1808,20654,11678,2805,244,13342,3,515,174,14673,18,567,150,82,224,31,140,316,980,79,84,1454,1024,75,33941,53,215,27,1580,2270,3018,2676,2697,2987,3339,3542,2467,2138,1620,2156,910
LGA18450,203630,15523,26029,25840,26461,24276,18688,11994,77964,59055,14546,2574,33860,19,1821,279,52076,259,8779,778,322,759,230,583,2118,4911,619,273,7019,5880,148,120737,1274,4610,115,7602,13496,17354,16307,13129,12049,12255,12784,8909,7781,5870,8239,3821
LGA18500,54240,2934,9432,7838,7022,5833,5531,2981,20197,18550,3853,644,7463,7,109,0,10371,9,1716,48,8,158,30,98,167,911,15,29,555,534,25,22259,265,200,7050,1155,1320,1425,1545,1857,1897,2496,3349,2970,3025,2412,4934,8360
LGA18710,16142,730,1458,2211,2497,2192,1596,730,7076,3594,1040,79,3515,0,213,0,4244,4,69,18,7,114,0,44,100,361,36,24,678,327,8,9760,15,46,20,544,653,831,798,884,886,1001,1109,859,878,595,1104,565
LGA19399,1056,59,139,168,142,166,104,47,465,284,57,3,207,0,8,0,201,0,3,3,0,13,0,0,0,24,4,41,70,13,0,581,0,0,0,17,42,62,75,73,95,66,92,51,27,20,33,26
LGA19499,12288,1358,2703,1900,1798,1722,1196,282,2338,6445,1548,211,1339,8,79,0,1643,3,83,31,81,32,17,48,75,238,26,46,292,281,9,4328,122,222,24,364,1549,1328,1047,698,681,664,533,277,219,136,210,111
LGA19799,412,9,32,34,50,74,108,42,223,65,42,17,69,0,5,0,120,0,13,0,3,3,0,0,3,15,0,3,18,5,0,249,0,0,4,11,33,46,34,38,47,24,10,14,17,3,6,3